word_id,left_context,n_human_respondents,n_human_unique_answers,human_accuracy,match_at_1,weighted_match_at_1,match_at_5,weighted_match_at_5,match_at_10,weighted_match_at_10,match_at_20,weighted_match_at_20,match_at_50,weighted_match_at_50,match_at_100,weighted_match_at_100,match_at_200,weighted_match_at_200,match_at_500,weighted_match_at_500,match_at_1000,weighted_match_at_1000
банке,У моего отца был счёт в швейцарском,24,5,0.8333333333333334,0.0,0.0,0.2,0.8333333333333334,0.2,0.8333333333333334,0.2,0.8333333333333334,0.2,0.8333333333333334,0.2,0.8333333333333334,0.2,0.8333333333333334,0.2,0.8333333333333334,0.2,0.8333333333333334
количество,Во избежание ожогов надо нанести на лицо небольшое,15,1,1.0,1.0,1.0,1.0,1.0,1.0,1.0,1.0,1.0,1.0,1.0,1.0,1.0,1.0,1.0,1.0,1.0,1.0,1.0
телефон,Причиной аварии был мобильный,65,3,0.953846153846154,0.3333333333333333,0.953846153846154,0.3333333333333333,0.953846153846154,0.6666666666666666,0.9846153846153847,0.6666666666666666,0.9846153846153847,0.6666666666666666,0.9846153846153847,0.6666666666666666,0.9846153846153847,0.6666666666666666,0.9846153846153847,0.6666666666666666,0.9846153846153847,0.6666666666666666,0.9846153846153847
мазь,Врач прописал заживляющую,19,4,0.8421052631578947,0.25,0.8421052631578947,0.25,0.8421052631578947,0.25,0.8421052631578947,0.25,0.8421052631578947,0.25,0.8421052631578947,0.25,0.8421052631578947,0.25,0.8421052631578947,0.25,0.8421052631578947,0.25,0.8421052631578947
страницы,Этот роман захватывает читателя с первой,19,5,0.6842105263157895,0.2,0.6842105263157895,0.4,0.7894736842105263,0.6,0.894736842105263,0.6,0.894736842105263,0.6,0.894736842105263,0.6,0.894736842105263,0.6,0.894736842105263,0.6,0.894736842105263,0.6,0.894736842105263
расходу,Судя по огромному,138,46,0.0,0.021739130434782608,0.3333333333333333,0.08695652173913043,0.427536231884058,0.10869565217391304,0.44927536231884047,0.10869565217391304,0.44927536231884047,0.10869565217391304,0.44927536231884047,0.10869565217391304,0.44927536231884047,0.10869565217391304,0.44927536231884047,0.10869565217391304,0.44927536231884047,0.10869565217391304,0.44927536231884047
входить,Какие главные лекарства должны,62,15,0.0,0.06666666666666667,0.6612903225806451,0.2,0.7258064516129031,0.2,0.7258064516129031,0.2,0.7258064516129031,0.2,0.7258064516129031,0.2,0.7258064516129031,0.2,0.7258064516129031,0.2,0.7258064516129031,0.2,0.7258064516129031
лес,Дорога ведет в глухой,87,18,0.7586206896551724,0.05555555555555555,0.7586206896551724,0.1111111111111111,0.7701149425287356,0.1111111111111111,0.7701149425287356,0.1111111111111111,0.7701149425287356,0.1111111111111111,0.7701149425287356,0.1111111111111111,0.7701149425287356,0.1111111111111111,0.7701149425287356,0.1111111111111111,0.7701149425287356,0.1111111111111111,0.7701149425287356
открытая,На газовой плите стояла,63,7,0.0,0.14285714285714285,0.8412698412698413,0.2857142857142857,0.8571428571428571,0.42857142857142855,0.9047619047619047,0.5714285714285714,0.9523809523809523,0.5714285714285714,0.9523809523809523,0.5714285714285714,0.9523809523809523,0.5714285714285714,0.9523809523809523,0.5714285714285714,0.9523809523809523,0.5714285714285714,0.9523809523809523
обществе,В современном,17,3,0.0588235294117647,0.3333333333333333,0.8823529411764706,0.6666666666666666,0.9411764705882353,0.6666666666666666,0.9411764705882353,0.6666666666666666,0.9411764705882353,0.6666666666666666,0.9411764705882353,0.6666666666666666,0.9411764705882353,0.6666666666666666,0.9411764705882353,0.6666666666666666,0.9411764705882353,0.6666666666666666,0.9411764705882353
обнаружена,В конверте вместе с деньгами была,52,17,0.0,0.058823529411764705,0.5576923076923077,0.11764705882352941,0.6923076923076923,0.17647058823529413,0.7115384615384615,0.17647058823529413,0.7115384615384615,0.17647058823529413,0.7115384615384615,0.17647058823529413,0.7115384615384615,0.17647058823529413,0.7115384615384615,0.17647058823529413,0.7115384615384615,0.17647058823529413,0.7115384615384615
дом,"Выходя замуж, ты надеялась обрести спокойствие, уютный",79,8,0.9113924050632912,0.125,0.9113924050632912,0.25,0.9240506329113924,0.375,0.9367088607594937,0.375,0.9367088607594937,0.375,0.9367088607594937,0.375,0.9367088607594937,0.375,0.9367088607594937,0.375,0.9367088607594937,0.375,0.9367088607594937
обстановка,Стала стабильнее экономическая и политическая,15,4,0.1333333333333333,0.25,0.7333333333333333,0.75,0.9333333333333331,0.75,0.9333333333333331,0.75,0.9333333333333331,0.75,0.9333333333333331,0.75,0.9333333333333331,0.75,0.9333333333333331,0.75,0.9333333333333331,0.75,0.9333333333333331
атмосфера,В тот момент,16,12,0.0,0.0,0.0,0.25,0.375,0.25,0.375,0.25,0.375,0.25,0.375,0.25,0.375,0.25,0.375,0.25,0.375,0.25,0.375
узкой,Власть судов была такой,21,14,0.0,0.0,0.0,0.14285714285714285,0.3333333333333332,0.21428571428571427,0.3809523809523808,0.21428571428571427,0.3809523809523808,0.21428571428571427,0.3809523809523808,0.21428571428571427,0.3809523809523808,0.21428571428571427,0.3809523809523808,0.21428571428571427,0.3809523809523808,0.21428571428571427,0.3809523809523808
юлин,Ей хотелось выплеснуть чай на бежевый,53,14,0.0,0.07142857142857142,0.1509433962264151,0.21428571428571427,0.2641509433962263,0.21428571428571427,0.2641509433962263,0.21428571428571427,0.2641509433962263,0.21428571428571427,0.2641509433962263,0.21428571428571427,0.2641509433962263,0.21428571428571427,0.2641509433962263,0.21428571428571427,0.2641509433962263,0.21428571428571427,0.2641509433962263
стоимостью,Шею Лизы украшало ожерелье,16,3,0.0,0.3333333333333333,0.875,0.6666666666666666,0.9375,0.6666666666666666,0.9375,0.6666666666666666,0.9375,0.6666666666666666,0.9375,0.6666666666666666,0.9375,0.6666666666666666,0.9375,0.6666666666666666,0.9375,0.6666666666666666,0.9375
кораблей,"За углом ― Морской музей, с бесчисленными моделями",69,6,0.8840579710144928,0.16666666666666666,0.8840579710144928,0.3333333333333333,0.9130434782608696,0.3333333333333333,0.9130434782608696,0.3333333333333333,0.9130434782608696,0.3333333333333333,0.9130434782608696,0.3333333333333333,0.9130434782608696,0.3333333333333333,0.9130434782608696,0.3333333333333333,0.9130434782608696,0.3333333333333333,0.9130434782608696
ускользать,От внимания наблюдателя не должна,52,17,0.0384615384615384,0.058823529411764705,0.0961538461538461,0.29411764705882354,0.21153846153846131,0.4117647058823529,0.28846153846153805,0.4117647058823529,0.28846153846153805,0.4117647058823529,0.28846153846153805,0.4117647058823529,0.28846153846153805,0.4117647058823529,0.28846153846153805,0.4117647058823529,0.28846153846153805,0.4117647058823529,0.28846153846153805
называют,В числе возможных кандидатов,17,5,0.0,0.2,0.5882352941176471,0.2,0.5882352941176471,0.2,0.5882352941176471,0.2,0.5882352941176471,0.2,0.5882352941176471,0.2,0.5882352941176471,0.2,0.5882352941176471,0.2,0.5882352941176471,0.2,0.5882352941176471
центре,"Зоопарк ― это кусочек другого мира, находящийся в самом",19,5,0.631578947368421,0.2,0.631578947368421,0.4,0.8421052631578946,0.4,0.8421052631578946,0.4,0.8421052631578946,0.4,0.8421052631578946,0.4,0.8421052631578946,0.4,0.8421052631578946,0.4,0.8421052631578946,0.4,0.8421052631578946
снег,Мне было лень идти на стоянку и сметать,82,23,0.4146341463414634,0.043478260869565216,0.4146341463414634,0.17391304347826086,0.4999999999999999,0.17391304347826086,0.4999999999999999,0.17391304347826086,0.4999999999999999,0.17391304347826086,0.4999999999999999,0.17391304347826086,0.4999999999999999,0.17391304347826086,0.4999999999999999,0.17391304347826086,0.4999999999999999,0.17391304347826086,0.4999999999999999
шлейф,За министром труда тянется целый,16,7,0.25,0.14285714285714285,0.25,0.2857142857142857,0.625,0.2857142857142857,0.625,0.2857142857142857,0.625,0.2857142857142857,0.625,0.2857142857142857,0.625,0.2857142857142857,0.625,0.2857142857142857,0.625,0.2857142857142857,0.625
крупу,А промывать манную,16,3,0.3125,0.3333333333333333,0.3125,0.6666666666666666,0.9375,0.6666666666666666,0.9375,0.6666666666666666,0.9375,0.6666666666666666,0.9375,0.6666666666666666,0.9375,0.6666666666666666,0.9375,0.6666666666666666,0.9375,0.6666666666666666,0.9375
соринку,Если я еще увижу здесь хоть,88,13,0.0113636363636363,0.07692307692307693,0.1022727272727272,0.3076923076923077,0.7386363636363635,0.46153846153846156,0.7727272727272726,0.46153846153846156,0.7727272727272726,0.46153846153846156,0.7727272727272726,0.46153846153846156,0.7727272727272726,0.46153846153846156,0.7727272727272726,0.46153846153846156,0.7727272727272726,0.46153846153846156,0.7727272727272726
лед,На болотах оставался ещё,138,61,0.0,0.01639344262295082,0.2536231884057971,0.06557377049180328,0.3188405797101449,0.06557377049180328,0.3188405797101449,0.06557377049180328,0.3188405797101449,0.06557377049180328,0.3188405797101449,0.06557377049180328,0.3188405797101449,0.06557377049180328,0.3188405797101449,0.06557377049180328,0.3188405797101449,0.06557377049180328,0.3188405797101449
ухо,"Сделав мне знак помолчать, он приложил",96,20,0.0833333333333333,0.05,0.4375,0.2,0.7499999999999999,0.25,0.7604166666666665,0.25,0.7604166666666665,0.25,0.7604166666666665,0.25,0.7604166666666665,0.25,0.7604166666666665,0.25,0.7604166666666665,0.25,0.7604166666666665
рот,Ваня раскрыл было,112,35,0.2232142857142857,0.02857142857142857,0.2232142857142857,0.08571428571428572,0.2857142857142856,0.08571428571428572,0.2857142857142856,0.08571428571428572,0.2857142857142856,0.08571428571428572,0.2857142857142856,0.08571428571428572,0.2857142857142856,0.08571428571428572,0.2857142857142856,0.08571428571428572,0.2857142857142856,0.08571428571428572,0.2857142857142856
рыбу,"Наживка, на которую он ловил",68,14,0.7647058823529411,0.0,0.0,0.07142857142857142,0.7647058823529411,0.07142857142857142,0.7647058823529411,0.07142857142857142,0.7647058823529411,0.07142857142857142,0.7647058823529411,0.07142857142857142,0.7647058823529411,0.07142857142857142,0.7647058823529411,0.07142857142857142,0.7647058823529411,0.07142857142857142,0.7647058823529411
заставить,Но четыре года я не мог себя,15,10,0.2666666666666666,0.1,0.2666666666666666,0.2,0.3999999999999999,0.3,0.4666666666666665,0.3,0.4666666666666665,0.3,0.4666666666666665,0.3,0.4666666666666665,0.3,0.4666666666666665,0.3,0.4666666666666665,0.3,0.4666666666666665
летом,Возможности этих перемен будут обсуждаться в Париже,23,12,0.0,0.08333333333333333,0.5217391304347826,0.16666666666666666,0.5652173913043478,0.16666666666666666,0.5652173913043478,0.16666666666666666,0.5652173913043478,0.16666666666666666,0.5652173913043478,0.16666666666666666,0.5652173913043478,0.16666666666666666,0.5652173913043478,0.16666666666666666,0.5652173913043478,0.16666666666666666,0.5652173913043478
покрывало,Отвернув цветастое,17,7,0.2941176470588235,0.0,0.0,0.42857142857142855,0.7647058823529411,0.42857142857142855,0.7647058823529411,0.42857142857142855,0.7647058823529411,0.42857142857142855,0.7647058823529411,0.42857142857142855,0.7647058823529411,0.42857142857142855,0.7647058823529411,0.42857142857142855,0.7647058823529411,0.42857142857142855,0.7647058823529411
пахучим,"Я люблю салат из картошки с зеленью, заправленный",91,11,0.0,0.0,0.0,0.36363636363636365,0.4505494505494504,0.5454545454545454,0.9450549450549449,0.5454545454545454,0.9450549450549449,0.6363636363636364,0.9560439560439559,0.6363636363636364,0.9560439560439559,0.6363636363636364,0.9560439560439559,0.6363636363636364,0.9560439560439559,0.6363636363636364,0.9560439560439559
купон,Убедительно просим вас разборчиво заполнять,16,9,0.0,0.1111111111111111,0.0625,0.3333333333333333,0.3125,0.5555555555555556,0.75,0.5555555555555556,0.75,0.5555555555555556,0.75,0.5555555555555556,0.75,0.5555555555555556,0.75,0.5555555555555556,0.75,0.5555555555555556,0.75
сечь,"Собаку, виновницу случившегося, приказали",16,12,0.0,0.08333333333333333,0.1875,0.08333333333333333,0.1875,0.08333333333333333,0.1875,0.08333333333333333,0.1875,0.08333333333333333,0.1875,0.08333333333333333,0.1875,0.08333333333333333,0.1875,0.08333333333333333,0.1875,0.08333333333333333,0.1875
ярых,"Покуда я нахожусь у власти, я буду предметом",55,25,0.0181818181818181,0.0,0.0,0.16,0.16363636363636339,0.24,0.39999999999999974,0.24,0.3999999999999997,0.24,0.3999999999999997,0.24,0.3999999999999997,0.24,0.3999999999999997,0.24,0.3999999999999997,0.24,0.3999999999999997
мопед,Приблизительно в центре тайги,16,11,0.0,0.0,0.0,0.09090909090909091,0.25,0.18181818181818182,0.3125,0.18181818181818182,0.3125,0.18181818181818182,0.3125,0.18181818181818182,0.3125,0.18181818181818182,0.3125,0.18181818181818182,0.3125,0.18181818181818182,0.3125
талый,"Олень бродил среди берёз, жевал",16,8,0.0,0.125,0.25,0.5,0.5625,0.625,0.6875,0.625,0.6875,0.625,0.6875,0.625,0.6875,0.625,0.6875,0.625,0.6875,0.625,0.6875
росли,Телята быстро,19,15,0.2631578947368421,0.0,0.0,0.0,0.0,0.13333333333333333,0.1052631578947368,0.13333333333333333,0.1052631578947368,0.2,0.1578947368421052,0.2,0.1578947368421052,0.2,0.1578947368421052,0.2,0.1578947368421052,0.2,0.1578947368421052
летела,Когда она в самолёте,132,53,0.0833333333333333,0.0,0.0,0.0,0.0,0.0,0.0,0.0,0.0,0.0,0.0,0.0,0.0,0.0,0.0,0.0,0.0,0.0,0.0
вол,Что может сделать самый сильный,117,27,0.0,0.037037037037037035,0.6752136752136753,0.14814814814814814,0.7350427350427349,0.14814814814814814,0.7350427350427349,0.14814814814814814,0.7350427350427349,0.14814814814814814,0.7350427350427349,0.14814814814814814,0.7350427350427349,0.14814814814814814,0.7350427350427349,0.14814814814814814,0.7350427350427349,0.14814814814814814,0.7350427350427349
напряжение,"Твоё тело расслабляется, и исчезает",15,7,0.2,0.14285714285714285,0.2,0.14285714285714285,0.2,0.2857142857142857,0.2666666666666666,0.42857142857142855,0.3999999999999999,0.42857142857142855,0.3999999999999999,0.42857142857142855,0.3999999999999999,0.42857142857142855,0.3999999999999999,0.42857142857142855,0.3999999999999999,0.42857142857142855,0.3999999999999999
стога,"Я слезал, щупал",18,15,0.0,0.0,0.0,0.06666666666666667,0.1666666666666666,0.06666666666666667,0.1666666666666666,0.06666666666666667,0.1666666666666666,0.06666666666666667,0.1666666666666666,0.06666666666666667,0.1666666666666666,0.06666666666666667,0.1666666666666666,0.06666666666666667,0.1666666666666666,0.06666666666666667,0.1666666666666666
командиру,В вопросе послышался упрёк,19,8,0.0,0.0,0.0,0.125,0.3157894736842105,0.125,0.3157894736842105,0.125,0.3157894736842105,0.125,0.3157894736842105,0.125,0.3157894736842105,0.125,0.3157894736842105,0.125,0.3157894736842105,0.125,0.3157894736842105
едкой,С нескрываемой,16,8,0.0,0.125,0.4375,0.25,0.5625,0.25,0.5625,0.25,0.5625,0.25,0.5625,0.25,0.5625,0.25,0.5625,0.25,0.5625,0.25,0.5625
жить,Он признаёт право каждого,21,5,0.0,0.2,0.2857142857142857,0.6,0.9047619047619047,0.6,0.9047619047619047,0.6,0.9047619047619047,0.6,0.9047619047619047,0.6,0.9047619047619047,0.6,0.9047619047619047,0.6,0.9047619047619047,0.6,0.9047619047619047
иной,У нас в Волгограде многие придерживаются,69,29,0.0,0.034482758620689655,0.2608695652173913,0.10344827586206896,0.34782608695652173,0.1724137931034483,0.3768115942028985,0.1724137931034483,0.3768115942028985,0.1724137931034483,0.3768115942028985,0.1724137931034483,0.3768115942028985,0.1724137931034483,0.3768115942028985,0.1724137931034483,0.3768115942028985,0.1724137931034483,0.3768115942028985
тонким,Чтобы придать объем,19,11,0.0,0.09090909090909091,0.0526315789473684,0.2727272727272727,0.5263157894736841,0.2727272727272727,0.5263157894736841,0.2727272727272727,0.5263157894736841,0.2727272727272727,0.5263157894736841,0.2727272727272727,0.5263157894736841,0.2727272727272727,0.5263157894736841,0.2727272727272727,0.5263157894736841,0.2727272727272727,0.5263157894736841
углу,В каждом,66,17,0.0,0.058823529411764705,0.1818181818181818,0.11764705882352941,0.2121212121212121,0.11764705882352941,0.2121212121212121,0.11764705882352941,0.2121212121212121,0.11764705882352941,0.2121212121212121,0.11764705882352941,0.2121212121212121,0.11764705882352941,0.2121212121212121,0.11764705882352941,0.2121212121212121,0.11764705882352941,0.2121212121212121
сгущенки,Когда мне хотелось,24,19,0.0,0.0,0.0,0.10526315789473684,0.0833333333333332,0.15789473684210525,0.1249999999999998,0.15789473684210525,0.1249999999999998,0.15789473684210525,0.1249999999999998,0.15789473684210525,0.1249999999999998,0.15789473684210525,0.1249999999999998,0.15789473684210525,0.1249999999999998,0.15789473684210525,0.1249999999999998
одинаковые,Педагог предъявляет,15,8,0.0,0.125,0.3333333333333333,0.125,0.3333333333333333,0.25,0.4666666666666666,0.25,0.4666666666666666,0.25,0.4666666666666666,0.25,0.4666666666666666,0.25,0.4666666666666666,0.25,0.4666666666666666,0.25,0.4666666666666666
бездетным,Ее сын Гриша умер,18,7,0.0,0.14285714285714285,0.3333333333333333,0.2857142857142857,0.7222222222222222,0.2857142857142857,0.7222222222222222,0.2857142857142857,0.7222222222222222,0.2857142857142857,0.7222222222222222,0.2857142857142857,0.7222222222222222,0.2857142857142857,0.7222222222222222,0.2857142857142857,0.7222222222222222,0.2857142857142857,0.7222222222222222
пластмассы,Ненужный коврик из твёрдой,14,8,0.0714285714285714,0.125,0.3571428571428571,0.25,0.5714285714285713,0.25,0.5714285714285713,0.25,0.5714285714285713,0.25,0.5714285714285713,0.25,0.5714285714285713,0.25,0.5714285714285713,0.25,0.5714285714285713,0.25,0.5714285714285713
который,"Мне нравится сын коллеги,",91,21,0.2967032967032967,0.047619047619047616,0.1538461538461538,0.23809523809523808,0.659340659340659,0.23809523809523808,0.659340659340659,0.23809523809523808,0.659340659340659,0.23809523809523808,0.659340659340659,0.23809523809523808,0.659340659340659,0.23809523809523808,0.659340659340659,0.23809523809523808,0.659340659340659,0.23809523809523808,0.659340659340659
спокойный,"Зачем ему звонить, если откликается",17,11,0.0,0.09090909090909091,0.1764705882352941,0.2727272727272727,0.4117647058823529,0.2727272727272727,0.4117647058823529,0.2727272727272727,0.4117647058823529,0.2727272727272727,0.4117647058823529,0.2727272727272727,0.4117647058823529,0.2727272727272727,0.4117647058823529,0.2727272727272727,0.4117647058823529,0.2727272727272727,0.4117647058823529
хаки,"Выбирая вязаную шапочку, знайте, что лучше шапка цвета",52,27,0.3076923076923077,0.0,0.0,0.037037037037037035,0.0192307692307692,0.07407407407407407,0.0576923076923076,0.07407407407407407,0.0576923076923076,0.07407407407407407,0.0576923076923076,0.07407407407407407,0.0576923076923076,0.07407407407407407,0.0576923076923076,0.07407407407407407,0.0576923076923076,0.07407407407407407,0.0576923076923076
розетки,На вторичном рынке жилья,79,45,0.0,0.022222222222222223,0.0126582278481012,0.06666666666666667,0.20253164556962008,0.08888888888888889,0.3037974683544302,0.08888888888888889,0.3037974683544302,0.08888888888888889,0.3037974683544302,0.08888888888888889,0.3037974683544302,0.08888888888888889,0.3037974683544302,0.08888888888888889,0.3037974683544302,0.08888888888888889,0.3037974683544302
баранины,В котёл бросают куски,20,5,0.0,0.2,0.8,0.2,0.8,0.2,0.8,0.2,0.8,0.2,0.8,0.2,0.8,0.2,0.8,0.2,0.8,0.2,0.8
сук,В темноте Иван задел острый,80,12,0.0125,0.08333333333333333,0.0625,0.4166666666666667,0.8624999999999998,0.4166666666666667,0.8624999999999998,0.4166666666666667,0.8624999999999998,0.4166666666666667,0.8624999999999998,0.4166666666666667,0.8624999999999998,0.4166666666666667,0.8624999999999998,0.4166666666666667,0.8624999999999998,0.4166666666666667,0.8624999999999998
неявное,В речи учёного прозвучало,107,48,0.0,0.0,0.0,0.0625,0.15887850467289702,0.08333333333333333,0.1682242990654203,0.08333333333333333,0.1682242990654203,0.08333333333333333,0.1682242990654203,0.08333333333333333,0.1682242990654203,0.08333333333333333,0.1682242990654203,0.08333333333333333,0.1682242990654203,0.08333333333333333,0.1682242990654203
атрибутику,Клиенты воровали из ресторана,14,9,0.0,0.0,0.0,0.0,0.0,0.0,0.0,0.0,0.0,0.0,0.0,0.0,0.0,0.0,0.0,0.0,0.0,0.0,0.0
крыши,Каждое утро на самый верх,20,16,0.15,0.0,0.0,0.0625,0.1,0.0625,0.1,0.0625,0.1,0.0625,0.1,0.0625,0.1,0.0625,0.1,0.0625,0.1,0.0625,0.1
злило,Я знал: их особенно,16,12,0.0,0.08333333333333333,0.1875,0.25,0.375,0.25,0.375,0.3333333333333333,0.5,0.3333333333333333,0.5,0.3333333333333333,0.5,0.3333333333333333,0.5,0.3333333333333333,0.5,0.3333333333333333,0.5
всей,И не надо ставить это целью,72,22,0.1666666666666666,0.0,0.0,0.09090909090909091,0.4027777777777778,0.09090909090909091,0.4027777777777778,0.09090909090909091,0.4027777777777778,0.09090909090909091,0.4027777777777778,0.09090909090909091,0.4027777777777778,0.09090909090909091,0.4027777777777778,0.09090909090909091,0.4027777777777778,0.09090909090909091,0.4027777777777778
реки,"Город, раскинувшийся вдоль",66,15,0.6212121212121212,0.06666666666666667,0.6212121212121212,0.3333333333333333,0.818181818181818,0.3333333333333333,0.818181818181818,0.3333333333333333,0.818181818181818,0.3333333333333333,0.818181818181818,0.3333333333333333,0.818181818181818,0.3333333333333333,0.818181818181818,0.3333333333333333,0.818181818181818,0.3333333333333333,0.818181818181818
семья,"Взяв с собой фотоаппарат, вся",19,10,0.1052631578947368,0.0,0.0,0.3,0.4736842105263157,0.3,0.4736842105263157,0.3,0.4736842105263157,0.3,0.4736842105263157,0.3,0.4736842105263157,0.3,0.4736842105263157,0.3,0.4736842105263157,0.3,0.4736842105263157
спать,Он стал плохо,19,13,0.0526315789473684,0.07692307692307693,0.2105263157894736,0.3076923076923077,0.4736842105263156,0.3076923076923077,0.4736842105263156,0.3076923076923077,0.4736842105263156,0.3076923076923077,0.4736842105263156,0.3076923076923077,0.4736842105263156,0.3076923076923077,0.4736842105263156,0.3076923076923077,0.4736842105263156,0.3076923076923077,0.4736842105263156
несчастные,"Они не ели целый день,",15,4,0.0,0.25,0.4666666666666667,0.5,0.5333333333333332,0.75,0.7999999999999998,0.75,0.7999999999999998,0.75,0.7999999999999998,0.75,0.7999999999999998,0.75,0.7999999999999998,0.75,0.7999999999999998,0.75,0.7999999999999998
бампера,Ему удалось вскрыть банку об острый край,16,7,0.0,0.14285714285714285,0.625,0.14285714285714285,0.625,0.14285714285714285,0.625,0.14285714285714285,0.625,0.14285714285714285,0.625,0.14285714285714285,0.625,0.14285714285714285,0.625,0.14285714285714285,0.625,0.14285714285714285,0.625
полный,"У тебя впереди замечательный день,",19,13,0.0,0.07692307692307693,0.2631578947368421,0.15384615384615385,0.4210526315789473,0.15384615384615385,0.4210526315789473,0.15384615384615385,0.4210526315789473,0.15384615384615385,0.4210526315789473,0.15384615384615385,0.4210526315789473,0.15384615384615385,0.4210526315789473,0.15384615384615385,0.4210526315789473,0.15384615384615385,0.4210526315789473
вить,Дрозды и сковрцы начали,16,10,0.3125,0.1,0.125,0.2,0.1875,0.2,0.1875,0.2,0.1875,0.2,0.1875,0.2,0.1875,0.2,0.1875,0.2,0.1875,0.2,0.1875
отдельная,Ирине досталась,16,14,0.0,0.07142857142857142,0.0625,0.14285714285714285,0.125,0.14285714285714285,0.125,0.14285714285714285,0.125,0.14285714285714285,0.125,0.14285714285714285,0.125,0.14285714285714285,0.125,0.14285714285714285,0.125,0.14285714285714285,0.125
сытные,"Приготовь себе диетические овощные блюда,",16,10,0.0,0.0,0.0,0.3,0.5625,0.3,0.5625,0.3,0.5625,0.3,0.5625,0.3,0.5625,0.3,0.5625,0.3,0.5625,0.3,0.5625
новой,Тема эта в то время была,21,13,0.0,0.07692307692307693,0.238095238095238,0.15384615384615385,0.2857142857142856,0.3076923076923077,0.5238095238095236,0.3076923076923077,0.5238095238095236,0.3076923076923077,0.5238095238095236,0.3076923076923077,0.5238095238095236,0.3076923076923077,0.5238095238095236,0.3076923076923077,0.5238095238095236,0.3076923076923077,0.5238095238095236
фарш,"Она успевала убраться, разморозить",18,8,0.0,0.125,0.0555555555555555,0.5,0.7777777777777777,0.625,0.8333333333333333,0.625,0.8333333333333333,0.625,0.8333333333333333,0.625,0.8333333333333333,0.625,0.8333333333333333,0.625,0.8333333333333333,0.625,0.8333333333333333
нюх,У директора школы был тонкий,95,25,0.031578947368421,0.0,0.0,0.12,0.2421052631578946,0.2,0.36842105263157865,0.2,0.36842105263157865,0.2,0.36842105263157865,0.2,0.36842105263157865,0.2,0.36842105263157865,0.2,0.36842105263157865,0.2,0.36842105263157865
ноев,"Существует легенда, что",61,45,0.0,0.022222222222222223,0.081967213114754,0.08888888888888889,0.163934426229508,0.1111111111111111,0.245901639344262,0.1111111111111111,0.245901639344262,0.1111111111111111,0.245901639344262,0.1111111111111111,0.245901639344262,0.1111111111111111,0.245901639344262,0.1111111111111111,0.245901639344262,0.1111111111111111,0.245901639344262
крен,Наше правительство сделало,52,27,0.0192307692307692,0.0,0.0,0.0,0.0,0.0,0.0,0.0,0.0,0.0,0.0,0.0,0.0,0.0,0.0,0.0,0.0,0.0,0.0
миссионеры,В резервациях,17,10,0.0,0.0,0.0,0.0,0.0,0.0,0.0,0.0,0.0,0.0,0.0,0.0,0.0,0.0,0.0,0.0,0.0,0.0,0.0
журчание,Вспоминая,24,15,0.0,0.06666666666666667,0.125,0.06666666666666667,0.125,0.06666666666666667,0.125,0.06666666666666667,0.125,0.06666666666666667,0.125,0.06666666666666667,0.125,0.06666666666666667,0.125,0.06666666666666667,0.125,0.06666666666666667,0.125
есть,Однако здесь,21,15,0.1428571428571428,0.06666666666666667,0.1428571428571428,0.13333333333333333,0.1904761904761904,0.13333333333333333,0.1904761904761904,0.13333333333333333,0.1904761904761904,0.13333333333333333,0.1904761904761904,0.13333333333333333,0.1904761904761904,0.13333333333333333,0.1904761904761904,0.13333333333333333,0.1904761904761904,0.13333333333333333,0.1904761904761904
лопоухая,Старуха была страшной --,71,40,0.0,0.025,0.0140845070422535,0.075,0.056338028169014,0.1,0.084507042253521,0.1,0.084507042253521,0.1,0.084507042253521,0.1,0.084507042253521,0.1,0.084507042253521,0.1,0.084507042253521,0.1,0.084507042253521
молоко,"Мама брала меня с собой, и мы, сдав",19,14,0.0,0.0,0.0,0.14285714285714285,0.1578947368421052,0.14285714285714285,0.1578947368421052,0.14285714285714285,0.1578947368421052,0.14285714285714285,0.1578947368421052,0.14285714285714285,0.1578947368421052,0.14285714285714285,0.1578947368421052,0.14285714285714285,0.1578947368421052,0.14285714285714285,0.1578947368421052
рыть,"Не обнаружив ничего в досье, сыщики решили",16,14,0.0,0.0,0.0,0.07142857142857142,0.0625,0.07142857142857142,0.0625,0.07142857142857142,0.0625,0.07142857142857142,0.0625,0.07142857142857142,0.0625,0.07142857142857142,0.0625,0.07142857142857142,0.0625,0.07142857142857142,0.0625
подвинул,"Журналист взял карандаш,",16,10,0.0,0.0,0.0,0.2,0.25,0.2,0.25,0.2,0.25,0.2,0.25,0.2,0.25,0.2,0.25,0.2,0.25,0.2,0.25
заявление,На Ольгу Васильевну было написано,15,9,0.3333333333333333,0.1111111111111111,0.0666666666666666,0.3333333333333333,0.5999999999999999,0.3333333333333333,0.5999999999999999,0.3333333333333333,0.5999999999999999,0.3333333333333333,0.5999999999999999,0.3333333333333333,0.5999999999999999,0.3333333333333333,0.5999999999999999,0.3333333333333333,0.5999999999999999,0.3333333333333333,0.5999999999999999
обгорели,У Пашки,20,6,0.0,0.0,0.0,0.0,0.0,0.0,0.0,0.0,0.0,0.0,0.0,0.0,0.0,0.0,0.0,0.0,0.0,0.0,0.0
прибыльных,Торговля продуктами питания является одной из самых,15,9,0.2666666666666666,0.1111111111111111,0.0666666666666666,0.3333333333333333,0.5999999999999999,0.3333333333333333,0.5999999999999999,0.3333333333333333,0.5999999999999999,0.3333333333333333,0.5999999999999999,0.3333333333333333,0.5999999999999999,0.3333333333333333,0.5999999999999999,0.3333333333333333,0.5999999999999999,0.3333333333333333,0.5999999999999999
союзу,Количество денег в обороте выросло благодаря,23,19,0.0,0.0,0.0,0.05263157894736842,0.0869565217391304,0.10526315789473684,0.13043478260869562,0.10526315789473684,0.13043478260869562,0.10526315789473684,0.13043478260869562,0.10526315789473684,0.13043478260869562,0.10526315789473684,0.13043478260869562,0.10526315789473684,0.13043478260869562,0.10526315789473684,0.13043478260869562
ремешок,Под рукавом рубашки виднелся тонкий,81,29,0.0123456790123456,0.0,0.0,0.034482758620689655,0.074074074074074,0.10344827586206896,0.38271604938271586,0.13793103448275862,0.4444444444444442,0.13793103448275862,0.4444444444444442,0.13793103448275862,0.4444444444444442,0.13793103448275862,0.4444444444444442,0.13793103448275862,0.4444444444444442,0.13793103448275862,0.4444444444444442
штатив,Мы установили камеру на новый,150,50,0.0733333333333333,0.02,0.0266666666666666,0.1,0.4066666666666665,0.1,0.4066666666666665,0.1,0.4066666666666665,0.1,0.4066666666666665,0.1,0.4066666666666665,0.1,0.4066666666666665,0.1,0.4066666666666665,0.1,0.4066666666666665
омоет,"Я сказал, что русский солдат",16,9,0.0,0.1111111111111111,0.3125,0.2222222222222222,0.4375,0.2222222222222222,0.4375,0.2222222222222222,0.4375,0.2222222222222222,0.4375,0.2222222222222222,0.4375,0.2222222222222222,0.4375,0.2222222222222222,0.4375,0.2222222222222222,0.4375
противник,"Товарищ генерал,",16,6,0.0,0.0,0.0,0.16666666666666666,0.0625,0.16666666666666666,0.0625,0.16666666666666666,0.0625,0.16666666666666666,0.0625,0.16666666666666666,0.0625,0.16666666666666666,0.0625,0.16666666666666666,0.0625,0.16666666666666666,0.0625
урчала,"Елена сидела в кресле, молодая Мурка",128,43,0.0078125,0.0,0.0,0.046511627906976744,0.3984375,0.046511627906976744,0.3984375,0.046511627906976744,0.3984375,0.046511627906976744,0.3984375,0.046511627906976744,0.3984375,0.046511627906976744,0.3984375,0.046511627906976744,0.3984375,0.046511627906976744,0.3984375
уйма,За два года накопилась,20,12,0.0,0.08333333333333333,0.05,0.25,0.35,0.25,0.35,0.25,0.35,0.25,0.35,0.25,0.35,0.25,0.35,0.25,0.35,0.25,0.35
орехового,Старый шкаф,73,29,0.0,0.0,0.0,0.06896551724137931,0.0684931506849315,0.10344827586206896,0.0958904109589041,0.10344827586206896,0.0958904109589041,0.10344827586206896,0.0958904109589041,0.10344827586206896,0.0958904109589041,0.10344827586206896,0.0958904109589041,0.10344827586206896,0.0958904109589041,0.10344827586206896,0.0958904109589041
заварил,"Он вскрыл пачку сухарей,",20,13,0.0,0.07692307692307693,0.1,0.15384615384615385,0.15000000000000002,0.15384615384615385,0.15000000000000002,0.23076923076923078,0.2,0.23076923076923078,0.2,0.23076923076923078,0.2,0.23076923076923078,0.2,0.23076923076923078,0.2,0.23076923076923078,0.2
фен,"Что используют для этой прически,",125,51,0.0,0.0196078431372549,0.024,0.058823529411764705,0.224,0.0784313725490196,0.248,0.0784313725490196,0.248,0.0784313725490196,0.248,0.0784313725490196,0.248,0.0784313725490196,0.248,0.0784313725490196,0.248,0.0784313725490196,0.248
собака,От смерти его спасла,52,32,0.0769230769230769,0.03125,0.0192307692307692,0.0625,0.0576923076923076,0.0625,0.0576923076923076,0.0625,0.0576923076923076,0.0625,0.0576923076923076,0.0625,0.0576923076923076,0.0625,0.0576923076923076,0.0625,0.0576923076923076,0.0625,0.0576923076923076
уйти,Если мы позволим этим людям,21,16,0.0,0.0,0.0,0.125,0.23809523809523803,0.125,0.23809523809523803,0.125,0.23809523809523803,0.125,0.23809523809523803,0.125,0.23809523809523803,0.125,0.23809523809523803,0.125,0.23809523809523803,0.125,0.23809523809523803
хмурила,Она с досадой,76,33,0.0,0.030303030303030304,0.3026315789473684,0.15151515151515152,0.4868421052631578,0.15151515151515152,0.4868421052631578,0.15151515151515152,0.4868421052631578,0.15151515151515152,0.4868421052631578,0.15151515151515152,0.4868421052631578,0.15151515151515152,0.4868421052631578,0.15151515151515152,0.4868421052631578,0.15151515151515152,0.4868421052631578
микробы,В бассейне,151,60,0.0,0.0,0.0,0.0,0.0,0.0,0.0,0.0,0.0,0.0,0.0,0.0,0.0,0.0,0.0,0.0,0.0,0.0,0.0
раритетных,"Считается, что коллекционирование",15,7,0.0,0.0,0.0,0.0,0.0,0.14285714285714285,0.5333333333333333,0.14285714285714285,0.5333333333333333,0.14285714285714285,0.5333333333333333,0.14285714285714285,0.5333333333333333,0.14285714285714285,0.5333333333333333,0.14285714285714285,0.5333333333333333,0.14285714285714285,0.5333333333333333
страшных,Автор принадлежит к числу последних свидетелей,63,33,0.0158730158730158,0.0,0.0,0.06060606060606061,0.0634920634920634,0.12121212121212122,0.1904761904761903,0.12121212121212122,0.1904761904761903,0.12121212121212122,0.1904761904761903,0.12121212121212122,0.1904761904761903,0.12121212121212122,0.1904761904761903,0.12121212121212122,0.1904761904761903,0.12121212121212122,0.1904761904761903
лестнице,На ведущей вниз,62,13,0.0,0.0,0.0,0.0,0.0,0.0,0.0,0.0,0.0,0.0,0.0,0.0,0.0,0.0,0.0,0.0,0.0,0.0,0.0
повторили,Что ты хочешь чтобы тебе,15,8,0.0,0.0,0.0,0.25,0.3999999999999999,0.25,0.3999999999999999,0.25,0.3999999999999999,0.25,0.3999999999999999,0.25,0.3999999999999999,0.25,0.3999999999999999,0.25,0.3999999999999999,0.25,0.3999999999999999
прежняя,Перед ним снова была,101,31,0.0,0.03225806451612903,0.1485148514851485,0.16129032258064516,0.2871287128712871,0.16129032258064516,0.2871287128712871,0.1935483870967742,0.30693069306930687,0.1935483870967742,0.30693069306930687,0.1935483870967742,0.30693069306930687,0.1935483870967742,0.30693069306930687,0.1935483870967742,0.30693069306930687,0.1935483870967742,0.30693069306930687
юный,На привале у озера,69,27,0.0,0.0,0.0,0.037037037037037035,0.5072463768115942,0.037037037037037035,0.5072463768115942,0.037037037037037035,0.5072463768115942,0.037037037037037035,0.5072463768115942,0.037037037037037035,0.5072463768115942,0.037037037037037035,0.5072463768115942,0.037037037037037035,0.5072463768115942,0.037037037037037035,0.5072463768115942
техосмотра,После завершения,17,14,0.0,0.0,0.0,0.14285714285714285,0.2352941176470588,0.14285714285714285,0.2352941176470588,0.14285714285714285,0.2352941176470588,0.14285714285714285,0.2352941176470588,0.14285714285714285,0.2352941176470588,0.14285714285714285,0.2352941176470588,0.14285714285714285,0.2352941176470588,0.14285714285714285,0.2352941176470588
получает,Этот студент,17,9,0.0,0.0,0.0,0.2222222222222222,0.4705882352941176,0.3333333333333333,0.5294117647058822,0.3333333333333333,0.5294117647058822,0.3333333333333333,0.5294117647058822,0.3333333333333333,0.5294117647058822,0.3333333333333333,0.5294117647058822,0.3333333333333333,0.5294117647058822,0.3333333333333333,0.5294117647058822
барса,На запись голоса,51,37,0.0,0.0,0.0,0.02702702702702703,0.0980392156862745,0.02702702702702703,0.0980392156862745,0.02702702702702703,0.0980392156862745,0.02702702702702703,0.0980392156862745,0.02702702702702703,0.0980392156862745,0.02702702702702703,0.0980392156862745,0.02702702702702703,0.0980392156862745,0.02702702702702703,0.0980392156862745
желает,"Тому, кто",138,65,0.0,0.015384615384615385,0.0507246376811594,0.046153846153846156,0.1956521739130434,0.046153846153846156,0.1956521739130434,0.046153846153846156,0.1956521739130434,0.046153846153846156,0.1956521739130434,0.046153846153846156,0.1956521739130434,0.046153846153846156,0.1956521739130434,0.046153846153846156,0.1956521739130434,0.046153846153846156,0.1956521739130434
лис,"Там, недалеко от кухонной двери, сидел",126,38,0.0,0.02631578947368421,0.0476190476190476,0.13157894736842105,0.30158730158730146,0.18421052631578946,0.357142857142857,0.18421052631578946,0.357142857142857,0.18421052631578946,0.357142857142857,0.18421052631578946,0.357142857142857,0.18421052631578946,0.357142857142857,0.18421052631578946,0.357142857142857,0.18421052631578946,0.357142857142857
пригрозили,Когда родители,14,13,0.0,0.07692307692307693,0.0714285714285714,0.07692307692307693,0.0714285714285714,0.07692307692307693,0.0714285714285714,0.07692307692307693,0.0714285714285714,0.07692307692307693,0.0714285714285714,0.07692307692307693,0.0714285714285714,0.07692307692307693,0.0714285714285714,0.07692307692307693,0.0714285714285714,0.07692307692307693,0.0714285714285714
бант,Очень хочется заплести,21,9,0.0,0.0,0.0,0.3333333333333333,0.6666666666666666,0.4444444444444444,0.7619047619047619,0.4444444444444444,0.7619047619047619,0.4444444444444444,0.7619047619047619,0.4444444444444444,0.7619047619047619,0.4444444444444444,0.7619047619047619,0.4444444444444444,0.7619047619047619,0.4444444444444444,0.7619047619047619
сора,Он умел из любого,88,34,0.0113636363636363,0.029411764705882353,0.125,0.11764705882352941,0.3636363636363635,0.14705882352941177,0.3749999999999998,0.14705882352941177,0.3749999999999998,0.14705882352941177,0.3749999999999998,0.14705882352941177,0.3749999999999998,0.14705882352941177,0.3749999999999998,0.14705882352941177,0.3749999999999998,0.14705882352941177,0.3749999999999998
сонату,"По воскресеньям музыканты, исполнявшие",52,36,0.0,0.027777777777777776,0.0384615384615384,0.1111111111111111,0.2307692307692305,0.1111111111111111,0.2307692307692305,0.1388888888888889,0.2499999999999997,0.1388888888888889,0.2499999999999997,0.1388888888888889,0.2499999999999997,0.1388888888888889,0.2499999999999997,0.1388888888888889,0.2499999999999997,0.1388888888888889,0.2499999999999997
мяли,В деревнях по-прежнему,16,14,0.0,0.07142857142857142,0.0625,0.07142857142857142,0.0625,0.07142857142857142,0.0625,0.07142857142857142,0.0625,0.07142857142857142,0.0625,0.07142857142857142,0.0625,0.07142857142857142,0.0625,0.07142857142857142,0.0625,0.07142857142857142,0.0625
шаг,Я сделала,91,59,0.0549450549450549,0.01694915254237288,0.0329670329670329,0.05084745762711865,0.1538461538461536,0.05084745762711865,0.1538461538461536,0.05084745762711865,0.1538461538461536,0.05084745762711865,0.1538461538461536,0.05084745762711865,0.1538461538461536,0.05084745762711865,0.1538461538461536,0.05084745762711865,0.1538461538461536,0.05084745762711865,0.1538461538461536
рубильник,В мои обязанности входило утром включить,17,9,0.0,0.1111111111111111,0.0588235294117647,0.2222222222222222,0.3529411764705882,0.2222222222222222,0.3529411764705882,0.2222222222222222,0.3529411764705882,0.2222222222222222,0.3529411764705882,0.2222222222222222,0.3529411764705882,0.2222222222222222,0.3529411764705882,0.2222222222222222,0.3529411764705882,0.2222222222222222,0.3529411764705882
лом,"В багажнике были лопата,",62,22,0.0161290322580645,0.045454545454545456,0.1290322580645161,0.13636363636363635,0.3064516129032257,0.18181818181818182,0.3225806451612902,0.22727272727272727,0.3387096774193547,0.2727272727272727,0.3548387096774192,0.2727272727272727,0.3548387096774192,0.2727272727272727,0.3548387096774192,0.2727272727272727,0.3548387096774192,0.2727272727272727,0.3548387096774192
русалки,И на берегу озера тогда появляются,83,52,0.0,0.0,0.0,0.019230769230769232,0.0843373493975903,0.019230769230769232,0.0843373493975903,0.038461538461538464,0.1927710843373493,0.038461538461538464,0.1927710843373493,0.038461538461538464,0.1927710843373493,0.038461538461538464,0.1927710843373493,0.038461538461538464,0.1927710843373493,0.038461538461538464,0.1927710843373493
злые,Очень тогда,70,32,0.0,0.0,0.0,0.0625,0.257142857142857,0.0625,0.257142857142857,0.0625,0.257142857142857,0.0625,0.257142857142857,0.0625,0.257142857142857,0.0625,0.257142857142857,0.0625,0.257142857142857,0.0625,0.257142857142857
специалист,Работы выполняет,15,13,0.0,0.0,0.0,0.0,0.0,0.0,0.0,0.0,0.0,0.0,0.0,0.0,0.0,0.0,0.0,0.0,0.0,0.0,0.0
вагоны,"Музыканты играли на похоронах, разгружали",19,12,0.3157894736842105,0.0,0.0,0.16666666666666666,0.1052631578947368,0.25,0.1578947368421052,0.25,0.1578947368421052,0.25,0.1578947368421052,0.25,0.1578947368421052,0.25,0.1578947368421052,0.25,0.1578947368421052,0.25,0.1578947368421052
пополнела,"Она почти не изменилась, только слегка",16,9,0.0625,0.0,0.0,0.0,0.0,0.1111111111111111,0.125,0.1111111111111111,0.125,0.1111111111111111,0.125,0.1111111111111111,0.125,0.1111111111111111,0.125,0.1111111111111111,0.125,0.1111111111111111,0.125
растяжение,"Один футболист, который получил",14,11,0.0,0.09090909090909091,0.0714285714285714,0.09090909090909091,0.0714285714285714,0.18181818181818182,0.2142857142857142,0.18181818181818182,0.2142857142857142,0.18181818181818182,0.2142857142857142,0.18181818181818182,0.2142857142857142,0.18181818181818182,0.2142857142857142,0.18181818181818182,0.2142857142857142,0.18181818181818182,0.2142857142857142
мужу,Не поручайте,85,33,0.0,0.030303030303030304,0.1294117647058823,0.06060606060606061,0.1411764705882352,0.09090909090909091,0.17647058823529402,0.09090909090909091,0.17647058823529402,0.09090909090909091,0.17647058823529402,0.09090909090909091,0.17647058823529402,0.09090909090909091,0.17647058823529402,0.09090909090909091,0.17647058823529402,0.09090909090909091,0.17647058823529402
испечь,Ей никак не суметь,122,57,0.0,0.0,0.0,0.0,0.0,0.017543859649122806,0.0081967213114754,0.017543859649122806,0.0081967213114754,0.017543859649122806,0.0081967213114754,0.017543859649122806,0.0081967213114754,0.017543859649122806,0.0081967213114754,0.017543859649122806,0.0081967213114754,0.017543859649122806,0.0081967213114754
красоты,Душа требовала,77,35,0.0,0.0,0.0,0.08571428571428572,0.1558441558441557,0.11428571428571428,0.2597402597402596,0.11428571428571428,0.2597402597402596,0.11428571428571428,0.2597402597402596,0.11428571428571428,0.2597402597402596,0.11428571428571428,0.2597402597402596,0.11428571428571428,0.2597402597402596,0.11428571428571428,0.2597402597402596
излишества,Наши власти позволяют себе,14,11,0.0,0.0,0.0,0.0,0.0,0.0,0.0,0.09090909090909091,0.0714285714285714,0.09090909090909091,0.0714285714285714,0.09090909090909091,0.0714285714285714,0.09090909090909091,0.0714285714285714,0.09090909090909091,0.0714285714285714,0.09090909090909091,0.0714285714285714
врач,Здесь потребуется,27,18,0.0,0.0,0.0,0.05555555555555555,0.037037037037037,0.1111111111111111,0.074074074074074,0.1111111111111111,0.074074074074074,0.1111111111111111,0.074074074074074,0.1111111111111111,0.074074074074074,0.1111111111111111,0.074074074074074,0.1111111111111111,0.074074074074074,0.1111111111111111,0.074074074074074
неопытным,Он был очень,18,16,0.0,0.0,0.0,0.0,0.0,0.0,0.0,0.0,0.0,0.0,0.0,0.0,0.0,0.0,0.0,0.0,0.0,0.0,0.0
осы,В сюжете этого фильма какие-то,69,29,0.0,0.034482758620689655,0.2463768115942029,0.13793103448275862,0.5507246376811594,0.1724137931034483,0.5797101449275363,0.20689655172413793,0.5942028985507246,0.20689655172413793,0.5942028985507246,0.20689655172413793,0.5942028985507246,0.20689655172413793,0.5942028985507246,0.20689655172413793,0.5942028985507246,0.20689655172413793,0.5942028985507246
зоркий,Создать настоящие шедевры вам помогут,16,9,0.0,0.0,0.0,0.2222222222222222,0.5,0.2222222222222222,0.5,0.2222222222222222,0.5,0.2222222222222222,0.5,0.2222222222222222,0.5,0.2222222222222222,0.5,0.2222222222222222,0.5,0.2222222222222222,0.5
урон,"Думаю, большой",51,34,0.0,0.029411764705882353,0.0196078431372549,0.058823529411764705,0.0392156862745098,0.058823529411764705,0.0392156862745098,0.058823529411764705,0.0392156862745098,0.058823529411764705,0.0392156862745098,0.058823529411764705,0.0392156862745098,0.058823529411764705,0.0392156862745098,0.058823529411764705,0.0392156862745098,0.058823529411764705,0.0392156862745098
даст,Применение микросхемы,21,14,0.0476190476190476,0.07142857142857142,0.2857142857142857,0.07142857142857142,0.2857142857142857,0.07142857142857142,0.2857142857142857,0.07142857142857142,0.2857142857142857,0.07142857142857142,0.2857142857142857,0.07142857142857142,0.2857142857142857,0.07142857142857142,0.2857142857142857,0.07142857142857142,0.2857142857142857,0.07142857142857142,0.2857142857142857
ножа,Он ловко поддел концом,138,43,0.1014492753623188,0.0,0.0,0.023255813953488372,0.3623188405797101,0.023255813953488372,0.3623188405797101,0.046511627906976744,0.3768115942028985,0.046511627906976744,0.3768115942028985,0.046511627906976744,0.3768115942028985,0.046511627906976744,0.3768115942028985,0.046511627906976744,0.3768115942028985,0.046511627906976744,0.3768115942028985
жирность,В качестве примера приводится,70,42,0.0,0.023809523809523808,0.0285714285714285,0.023809523809523808,0.0285714285714285,0.047619047619047616,0.0857142857142856,0.047619047619047616,0.0857142857142856,0.047619047619047616,0.0857142857142856,0.047619047619047616,0.0857142857142856,0.047619047619047616,0.0857142857142856,0.047619047619047616,0.0857142857142856,0.047619047619047616,0.0857142857142856
подруга,У мамы есть,82,51,0.0365853658536585,0.0196078431372549,0.024390243902439,0.0784313725490196,0.1097560975609755,0.0784313725490196,0.1097560975609755,0.0784313725490196,0.1097560975609755,0.0784313725490196,0.1097560975609755,0.0784313725490196,0.1097560975609755,0.0784313725490196,0.1097560975609755,0.0784313725490196,0.1097560975609755,0.0784313725490196,0.1097560975609755
трепало,В лесу ветром,76,41,0.0131578947368421,0.0,0.0,0.0,0.0,0.024390243902439025,0.0526315789473684,0.024390243902439025,0.0526315789473684,0.07317073170731707,0.18421052631578938,0.12195121951219512,0.21052631578947356,0.12195121951219512,0.21052631578947356,0.12195121951219512,0.21052631578947356,0.12195121951219512,0.21052631578947356
установить,Государством предлагается,15,13,0.0,0.0,0.0,0.07692307692307693,0.1333333333333333,0.07692307692307693,0.1333333333333333,0.07692307692307693,0.1333333333333333,0.07692307692307693,0.1333333333333333,0.07692307692307693,0.1333333333333333,0.07692307692307693,0.1333333333333333,0.07692307692307693,0.1333333333333333,0.07692307692307693,0.1333333333333333
бросить,Можно будет,65,39,0.0,0.0,0.0,0.07692307692307693,0.1230769230769229,0.07692307692307693,0.1230769230769229,0.10256410256410256,0.1384615384615382,0.1282051282051282,0.1538461538461535,0.15384615384615385,0.1692307692307688,0.15384615384615385,0.1692307692307688,0.15384615384615385,0.1692307692307688,0.15384615384615385,0.1692307692307688
узнал,Володя каким-то образом,116,37,0.1724137931034483,0.02702702702702703,0.1551724137931034,0.10810810810810811,0.3275862068965515,0.10810810810810811,0.3275862068965515,0.16216216216216217,0.4310344827586204,0.1891891891891892,0.4568965517241376,0.1891891891891892,0.4568965517241376,0.1891891891891892,0.4568965517241376,0.1891891891891892,0.4568965517241376,0.1891891891891892,0.4568965517241376
