word_id,H_human,H_model,entropy_quartile,overlap_at_5,weighted_overlap_at_5,overlap_at_10,weighted_overlap_at_10,overlap_at_20,weighted_overlap_at_20,overlap_at_50,weighted_overlap_at_50,overlap_at_100,weighted_overlap_at_100
атмосфера,2.3393717343898155,0.5760203157996482,Q2,0.2,0.4375,0.3,0.5625,0.3,0.5625,0.3,0.5625,0.3,0.5625
атрибутику,2.0449311748495904,1.0214971058215234,Q2,0.0,0.0,0.0,0.0,0.0,0.0,0.0,0.0,0.0,0.0
бампера,1.3334730391185028,1.3927520996409952,Q1,0.14285714285714285,0.625,0.2857142857142857,0.6875,0.2857142857142857,0.6875,0.2857142857142857,0.6875,0.2857142857142857,0.6875
банке,0.6816102690529525,0.03582455873568731,Q1,0.2,0.8333333333333334,0.2,0.8333333333333334,0.2,0.8333333333333334,0.2,0.8333333333333334,0.2,0.8333333333333334
бант,1.8179404272531652,1.4277838642794243,Q2,0.42857142857142855,0.8095238095238095,0.42857142857142855,0.8095238095238095,0.42857142857142855,0.8095238095238095,0.42857142857142855,0.8095238095238095,0.42857142857142855,0.8095238095238095
баранины,0.777661295762166,1.1169003376721738,Q1,0.2,0.8,0.2,0.8,0.2,0.8,0.2,0.8,0.2,0.8
барса,3.4647731684448377,1.1190578709734957,Q4,0.06451612903225806,0.1176470588235294,0.06451612903225806,0.1176470588235294,0.06451612903225806,0.1176470588235294,0.0967741935483871,0.1372549019607843,0.0967741935483871,0.1372549019607843
бездетным,1.5363757657430797,1.3446032632330225,Q1,0.2857142857142857,0.7222222222222222,0.2857142857142857,0.7222222222222222,0.2857142857142857,0.7222222222222222,0.2857142857142857,0.7222222222222222,0.2857142857142857,0.7222222222222222
бросить,3.3311652170168884,0.5326626546481968,Q4,0.07894736842105263,0.1384615384615382,0.07894736842105263,0.1384615384615382,0.13157894736842105,0.1692307692307688,0.21052631578947367,0.23076923076923012,0.2631578947368421,0.2615384615384607
вагоны,2.2326944771870654,1.1532615711886385,Q2,0.18181818181818182,0.1578947368421052,0.2727272727272727,0.2105263157894736,0.2727272727272727,0.2105263157894736,0.2727272727272727,0.2105263157894736,0.2727272727272727,0.2105263157894736
вить,2.0963525794641384,0.8475536191844402,Q2,0.2222222222222222,0.25,0.2222222222222222,0.25,0.2222222222222222,0.25,0.2222222222222222,0.25,0.2222222222222222,0.25
вол,1.6415094087777704,0.9170062808452477,Q1,0.14814814814814814,0.7350427350427349,0.18518518518518517,0.7435897435897434,0.2222222222222222,0.7521367521367519,0.2222222222222222,0.7521367521367519,0.2222222222222222,0.7521367521367519
врач,2.731050274436965,0.7836971210140503,Q3,0.05555555555555555,0.037037037037037,0.1111111111111111,0.074074074074074,0.1111111111111111,0.074074074074074,0.1111111111111111,0.074074074074074,0.1111111111111111,0.074074074074074
всей,2.441742467588478,1.4950550525497526,Q3,0.1111111111111111,0.5277777777777777,0.1111111111111111,0.5277777777777777,0.1111111111111111,0.5277777777777777,0.16666666666666666,0.5416666666666665,0.16666666666666666,0.5416666666666665
входить,1.4660734894939398,0.36512668958711647,Q1,0.23076923076923078,0.7419354838709676,0.23076923076923078,0.7419354838709676,0.23076923076923078,0.7419354838709676,0.23076923076923078,0.7419354838709676,0.23076923076923078,0.7419354838709676
даст,2.40056312640875,0.9575845222182009,Q3,0.07692307692307693,0.2857142857142857,0.07692307692307693,0.2857142857142857,0.07692307692307693,0.2857142857142857,0.07692307692307693,0.2857142857142857,0.07692307692307693,0.2857142857142857
дом,0.4717268326042859,0.9852386584497876,Q1,0.25,0.9240506329113924,0.375,0.9367088607594937,0.375,0.9367088607594937,0.375,0.9367088607594937,0.375,0.9367088607594937
едкой,1.7479662368880953,1.321376870576118,Q1,0.25,0.5625,0.25,0.5625,0.25,0.5625,0.25,0.5625,0.25,0.5625
есть,2.598605177997306,1.0841844708231596,Q3,0.14285714285714285,0.23809523809523803,0.14285714285714285,0.23809523809523803,0.14285714285714285,0.23809523809523803,0.14285714285714285,0.23809523809523803,0.14285714285714285,0.23809523809523803
желает,3.7996284273834253,0.7158980826439673,Q4,0.05660377358490566,0.21014492753623182,0.05660377358490566,0.21014492753623182,0.05660377358490566,0.21014492753623182,0.05660377358490566,0.21014492753623182,0.05660377358490566,0.21014492753623182
жирность,3.4812412856957518,0.7165517765898975,Q4,0.024390243902439025,0.0857142857142856,0.024390243902439025,0.0857142857142856,0.024390243902439025,0.0857142857142856,0.024390243902439025,0.0857142857142856,0.024390243902439025,0.0857142857142856
жить,1.1126445037794073,1.089657769746033,Q1,0.6,0.9047619047619047,0.6,0.9047619047619047,0.6,0.9047619047619047,0.6,0.9047619047619047,0.6,0.9047619047619047
журчание,2.474378668987344,0.9390920428836376,Q3,0.14285714285714285,0.1666666666666666,0.14285714285714285,0.1666666666666666,0.14285714285714285,0.1666666666666666,0.14285714285714285,0.1666666666666666,0.14285714285714285,0.1666666666666666
заварил,2.415052121917807,1.0403930506951853,Q3,0.15384615384615385,0.15000000000000002,0.15384615384615385,0.15000000000000002,0.23076923076923078,0.2,0.23076923076923078,0.2,0.23076923076923078,0.2
заставить,2.153532456654253,0.9519630442303153,Q2,0.2,0.3999999999999999,0.3,0.4666666666666665,0.3,0.4666666666666665,0.3,0.4666666666666665,0.3,0.4666666666666665
заявление,1.951848439223887,1.204565814803948,Q2,0.3333333333333333,0.5999999999999999,0.3333333333333333,0.5999999999999999,0.3333333333333333,0.5999999999999999,0.3333333333333333,0.5999999999999999,0.3333333333333333,0.5999999999999999
злило,2.3933121229745242,1.1575138270698,Q3,0.4166666666666667,0.5625,0.4166666666666667,0.5625,0.4166666666666667,0.5625,0.4166666666666667,0.5625,0.4166666666666667,0.5625
злые,2.9467545709302208,0.6478097426574281,Q4,0.06896551724137931,0.257142857142857,0.1724137931034483,0.38571428571428534,0.1724137931034483,0.38571428571428534,0.20689655172413793,0.3999999999999995,0.20689655172413793,0.3999999999999995
зоркий,1.8346096344580887,0.7054989742417017,Q2,0.2222222222222222,0.5,0.2222222222222222,0.5,0.2222222222222222,0.5,0.2222222222222222,0.5,0.2222222222222222,0.5
излишества,2.242973226438146,0.828372082980456,Q2,0.0,0.0,0.0,0.0,0.09090909090909091,0.0714285714285714,0.09090909090909091,0.0714285714285714,0.09090909090909091,0.0714285714285714
иной,2.8247680796495245,1.0271434169002367,Q4,0.16666666666666666,0.40579710144927533,0.20833333333333334,0.4202898550724637,0.20833333333333334,0.4202898550724637,0.20833333333333334,0.4202898550724637,0.20833333333333334,0.4202898550724637
испечь,3.479625376456895,0.6721934291510234,Q4,0.0,0.0,0.017857142857142856,0.0081967213114754,0.05357142857142857,0.28688524590163916,0.10714285714285714,0.3278688524590162,0.14285714285714285,0.34426229508196704
количество,-0.0,0.03844093551766051,Q1,1.0,1.0,1.0,1.0,1.0,1.0,1.0,1.0,1.0,1.0
командиру,1.661705933968781,1.747344912002444,Q1,0.125,0.3157894736842105,0.25,0.6842105263157894,0.375,0.7368421052631579,0.375,0.7368421052631579,0.375,0.7368421052631579
кораблей,0.5395820292649164,1.1299803155562969,Q1,0.3333333333333333,0.9130434782608696,0.3333333333333333,0.9130434782608696,0.3333333333333333,0.9130434782608696,0.3333333333333333,0.9130434782608696,0.3333333333333333,0.9130434782608696
который,2.2897335135422674,1.30320230502283,Q2,0.3125,0.8021978021978016,0.3125,0.8021978021978016,0.3125,0.8021978021978016,0.3125,0.8021978021978016,0.3125,0.8021978021978016
красоты,3.0725634477465213,0.7489417936356307,Q4,0.08823529411764706,0.1558441558441557,0.11764705882352941,0.2597402597402596,0.11764705882352941,0.2597402597402596,0.11764705882352941,0.2597402597402596,0.11764705882352941,0.2597402597402596
крен,3.030243278279052,1.2514586822962284,Q4,0.0,0.0,0.0,0.0,0.0,0.0,0.0,0.0,0.0,0.0
крупу,0.8305236914828463,0.7398451909706882,Q1,0.6666666666666666,0.9375,0.6666666666666666,0.9375,0.6666666666666666,0.9375,0.6666666666666666,0.9375,0.6666666666666666,0.9375
крыши,2.6923109941417858,1.2560898105811449,Q3,0.0625,0.1,0.0625,0.1,0.0625,0.1,0.125,0.15000000000000002,0.125,0.15000000000000002
купон,2.0140355237092673,1.0791537203554429,Q2,0.42857142857142855,0.75,0.42857142857142855,0.75,0.42857142857142855,0.75,0.42857142857142855,0.75,0.42857142857142855,0.75
лед,3.3468564095764624,0.7105413563008323,Q4,0.06557377049180328,0.31884057971014496,0.06557377049180328,0.31884057971014496,0.06557377049180328,0.31884057971014496,0.06557377049180328,0.31884057971014496,0.06557377049180328,0.31884057971014496
лес,1.2177973305857526,0.29700736234056513,Q1,0.1111111111111111,0.7701149425287356,0.1111111111111111,0.7701149425287356,0.1111111111111111,0.7701149425287356,0.1111111111111111,0.7701149425287356,0.1111111111111111,0.7701149425287356
лестнице,1.7440355786188684,0.9452771060879913,Q1,0.0,0.0,0.07692307692307693,0.0161290322580645,0.07692307692307693,0.0161290322580645,0.07692307692307693,0.0161290322580645,0.07692307692307693,0.0161290322580645
летела,3.4877096729465387,0.94130771705575,Q4,0.021739130434782608,0.0606060606060605,0.021739130434782608,0.0606060606060605,0.08695652173913043,0.1439393939393936,0.13043478260869565,0.27272727272727226,0.13043478260869565,0.27272727272727226
летом,1.8390211812571493,1.3552725712973765,Q2,0.18181818181818182,0.608695652173913,0.18181818181818182,0.608695652173913,0.18181818181818182,0.608695652173913,0.18181818181818182,0.608695652173913,0.18181818181818182,0.608695652173913
лис,2.8224986900688207,0.9125126339224181,Q4,0.13157894736842105,0.3015873015873014,0.18421052631578946,0.35714285714285693,0.18421052631578946,0.35714285714285693,0.18421052631578946,0.35714285714285693,0.18421052631578946,0.35714285714285693
лом,2.567443946257968,1.5238471082839158,Q3,0.18181818181818182,0.3225806451612902,0.22727272727272727,0.3387096774193547,0.22727272727272727,0.3387096774193547,0.2727272727272727,0.3548387096774192,0.2727272727272727,0.3548387096774192
лопоухая,3.2940798410681267,1.0161791082433376,Q4,0.07894736842105263,0.056338028169014,0.10526315789473684,0.084507042253521,0.10526315789473684,0.084507042253521,0.10526315789473684,0.084507042253521,0.10526315789473684,0.084507042253521
мазь,0.6096274235960981,0.09761562371461549,Q1,0.25,0.8421052631578947,0.25,0.8421052631578947,0.25,0.8421052631578947,0.25,0.8421052631578947,0.25,0.8421052631578947
микробы,3.344133246985188,0.815046833810332,Q4,0.0,0.0,0.0,0.0,0.0,0.0,0.016666666666666666,0.0993377483443708,0.03333333333333333,0.1059602649006621
миссионеры,1.9504094967322696,0.9750566765931864,Q2,0.0,0.0,0.0,0.0,0.0,0.0,0.0,0.0,0.0,0.0
молоко,2.5520852976209656,1.185772941445958,Q3,0.14285714285714285,0.1578947368421052,0.14285714285714285,0.1578947368421052,0.14285714285714285,0.1578947368421052,0.14285714285714285,0.1578947368421052,0.14285714285714285,0.1578947368421052
мопед,2.252728336819822,0.9198861671291532,Q2,0.125,0.375,0.125,0.375,0.125,0.375,0.125,0.375,0.125,0.375
мужу,3.1202334110705374,0.7679262486100753,Q4,0.13636363636363635,0.28235294117647025,0.13636363636363635,0.28235294117647025,0.13636363636363635,0.28235294117647025,0.13636363636363635,0.28235294117647025,0.13636363636363635,0.28235294117647025
мяли,2.5665989181145106,0.9077922529840381,Q3,0.16666666666666666,0.25,0.16666666666666666,0.25,0.16666666666666666,0.25,0.16666666666666666,0.25,0.16666666666666666,0.25
называют,1.20333204069947,0.7855346799012457,Q1,0.2,0.5882352941176471,0.2,0.5882352941176471,0.2,0.5882352941176471,0.2,0.5882352941176471,0.2,0.5882352941176471
напряжение,1.8413903748459723,1.6063355784426634,Q2,0.14285714285714285,0.2,0.42857142857142855,0.3999999999999999,0.42857142857142855,0.3999999999999999,0.42857142857142855,0.3999999999999999,0.42857142857142855,0.3999999999999999
неопытным,2.7363390511050643,1.073849852741991,Q3,0.0,0.0,0.0,0.0,0.0,0.0,0.0,0.0,0.0,0.0
несчастные,1.210557844177471,1.2137129884316178,Q1,0.5,0.5333333333333332,0.75,0.7999999999999998,0.75,0.7999999999999998,0.75,0.7999999999999998,0.75,0.7999999999999998
неявное,3.4784285041861436,1.3882646234808769,Q4,0.0625,0.158878504672897,0.08333333333333333,0.1682242990654203,0.08333333333333333,0.1682242990654203,0.08333333333333333,0.1682242990654203,0.08333333333333333,0.1682242990654203
новой,2.3723502877036786,1.3629946068693497,Q3,0.16666666666666666,0.4285714285714284,0.25,0.5238095238095236,0.25,0.5238095238095236,0.25,0.5238095238095236,0.25,0.5238095238095236
ноев,3.648066810061353,1.0827916651342142,Q4,0.11363636363636363,0.18032786885245883,0.13636363636363635,0.2622950819672128,0.13636363636363635,0.2622950819672128,0.13636363636363635,0.2622950819672128,0.13636363636363635,0.2622950819672128
ножа,2.7420147295299158,0.9233492782077359,Q3,0.047619047619047616,0.37681159420289845,0.047619047619047616,0.37681159420289845,0.07142857142857142,0.39130434782608686,0.07142857142857142,0.39130434782608686,0.07142857142857142,0.39130434782608686
нюх,2.58304267644337,1.2563381127622486,Q3,0.12,0.2421052631578946,0.2,0.3684210526315787,0.2,0.3684210526315787,0.2,0.3684210526315787,0.2,0.3684210526315787
обгорели,1.495615780172503,0.9273431004085843,Q1,0.0,0.0,0.0,0.0,0.0,0.0,0.0,0.0,0.0,0.0
обнаружена,1.78471978638691,0.5469086764872432,Q1,0.11764705882352941,0.6923076923076923,0.17647058823529413,0.7115384615384615,0.17647058823529413,0.7115384615384615,0.17647058823529413,0.7115384615384615,0.17647058823529413,0.7115384615384615
обстановка,0.8571740436420787,0.7796756756947326,Q1,0.75,0.9333333333333331,0.75,0.9333333333333331,0.75,0.9333333333333331,0.75,0.9333333333333331,0.75,0.9333333333333331
обществе,0.4437572842601484,0.5248530389845998,Q1,0.6666666666666666,0.9411764705882353,0.6666666666666666,0.9411764705882353,0.6666666666666666,0.9411764705882353,0.6666666666666666,0.9411764705882353,0.6666666666666666,0.9411764705882353
одинаковые,1.8943120247335312,1.226299621694067,Q2,0.125,0.3333333333333333,0.25,0.4666666666666666,0.25,0.4666666666666666,0.25,0.4666666666666666,0.25,0.4666666666666666
омоет,1.977006172908861,1.128638247339508,Q2,0.25,0.4375,0.25,0.4375,0.25,0.4375,0.25,0.4375,0.25,0.4375
орехового,2.53617274964332,1.1151036477986414,Q3,0.10714285714285714,0.0958904109589041,0.10714285714285714,0.0958904109589041,0.10714285714285714,0.0958904109589041,0.10714285714285714,0.0958904109589041,0.10714285714285714,0.0958904109589041
осы,2.6895783874064643,0.6824821750606802,Q3,0.13793103448275862,0.5507246376811594,0.1724137931034483,0.5797101449275361,0.20689655172413793,0.5942028985507245,0.20689655172413793,0.5942028985507245,0.20689655172413793,0.5942028985507245
отдельная,2.5665989181145106,0.7374683103891689,Q3,0.15384615384615385,0.125,0.15384615384615385,0.125,0.15384615384615385,0.125,0.15384615384615385,0.125,0.15384615384615385,0.125
открытая,0.6984181367046884,0.7888108499486136,Q1,0.2857142857142857,0.8571428571428571,0.42857142857142855,0.9047619047619047,0.5714285714285714,0.9523809523809523,0.5714285714285714,0.9523809523809523,0.5714285714285714,0.9523809523809523
пахучим,1.6827025241216713,1.9130626256082923,Q1,0.36363636363636365,0.4505494505494504,0.5454545454545454,0.9450549450549449,0.5454545454545454,0.9450549450549449,0.5454545454545454,0.9450549450549449,0.5454545454545454,0.9450549450549449
пластмассы,1.8288411561741988,1.189108891037122,Q2,0.25,0.5714285714285713,0.25,0.5714285714285713,0.25,0.5714285714285713,0.25,0.5714285714285713,0.25,0.5714285714285713
повторили,1.859428815149228,1.1007718240705664,Q2,0.2857142857142857,0.4666666666666665,0.2857142857142857,0.4666666666666665,0.2857142857142857,0.4666666666666665,0.2857142857142857,0.4666666666666665,0.2857142857142857,0.4666666666666665
подвинул,2.1873223188492537,0.9766511146730357,Q2,0.2,0.25,0.2,0.25,0.2,0.25,0.2,0.25,0.2,0.25
подруга,3.728949710467526,0.5689473048891932,Q4,0.06521739130434782,0.1097560975609755,0.06521739130434782,0.1097560975609755,0.06521739130434782,0.1097560975609755,0.06521739130434782,0.1097560975609755,0.06521739130434782,0.1097560975609755
покрывало,1.6459168300174678,1.6804924702613584,Q1,0.42857142857142855,0.7647058823529411,0.42857142857142855,0.7647058823529411,0.42857142857142855,0.7647058823529411,0.5714285714285714,0.8235294117647058,0.5714285714285714,0.8235294117647058
полный,2.347437588209869,1.2296997278304969,Q3,0.15384615384615385,0.4210526315789473,0.15384615384615385,0.4210526315789473,0.15384615384615385,0.4210526315789473,0.15384615384615385,0.4210526315789473,0.15384615384615385,0.4210526315789473
получает,2.0177460728092216,0.8970065482833165,Q2,0.2222222222222222,0.4705882352941176,0.3333333333333333,0.5294117647058822,0.3333333333333333,0.5294117647058822,0.3333333333333333,0.5294117647058822,0.3333333333333333,0.5294117647058822
пополнела,1.9927981441098426,1.4793508054658162,Q2,0.0,0.0,0.1111111111111111,0.125,0.1111111111111111,0.125,0.1111111111111111,0.125,0.1111111111111111,0.125
прежняя,2.6948466593239173,0.7076271637420206,Q3,0.16129032258064516,0.2871287128712871,0.1935483870967742,0.3069306930693069,0.1935483870967742,0.3069306930693069,0.1935483870967742,0.3069306930693069,0.1935483870967742,0.3069306930693069
прибыльных,1.968693208504934,1.3155089359008427,Q2,0.3333333333333333,0.5999999999999999,0.3333333333333333,0.5999999999999999,0.3333333333333333,0.5999999999999999,0.3333333333333333,0.5999999999999999,0.3333333333333333,0.5999999999999999
пригрозили,2.5400363038209792,0.6623682240053022,Q3,0.07692307692307693,0.0714285714285714,0.07692307692307693,0.0714285714285714,0.07692307692307693,0.0714285714285714,0.07692307692307693,0.0714285714285714,0.07692307692307693,0.0714285714285714
противник,1.1240357221909014,0.9969594193873833,Q1,0.16666666666666666,0.0625,0.16666666666666666,0.0625,0.16666666666666666,0.0625,0.16666666666666666,0.0625,0.16666666666666666,0.0625
раритетных,1.5065950881316374,0.9883609000756347,Q1,0.0,0.0,0.14285714285714285,0.5333333333333333,0.14285714285714285,0.5333333333333333,0.14285714285714285,0.5333333333333333,0.14285714285714285,0.5333333333333333
растяжение,2.341994252232424,1.2457947719924316,Q3,0.18181818181818182,0.2142857142857142,0.18181818181818182,0.2142857142857142,0.18181818181818182,0.2142857142857142,0.18181818181818182,0.2142857142857142,0.18181818181818182,0.2142857142857142
расходу,2.9238240006857112,0.3241350530924566,Q4,0.1111111111111111,0.4492753623188405,0.1111111111111111,0.4492753623188405,0.1111111111111111,0.4492753623188405,0.1111111111111111,0.4492753623188405,0.1111111111111111,0.4492753623188405
реки,1.5979244221413411,1.3294084774173085,Q1,0.2857142857142857,0.818181818181818,0.2857142857142857,0.818181818181818,0.2857142857142857,0.818181818181818,0.2857142857142857,0.818181818181818,0.2857142857142857,0.818181818181818
ремешок,2.6992831687985244,1.6528997180579728,Q3,0.034482758620689655,0.074074074074074,0.10344827586206896,0.38271604938271586,0.13793103448275862,0.4444444444444442,0.13793103448275862,0.4444444444444442,0.13793103448275862,0.4444444444444442
розетки,3.4884808444676794,0.8805500511228966,Q4,0.07692307692307693,0.20253164556962008,0.10256410256410256,0.3037974683544302,0.10256410256410256,0.3037974683544302,0.10256410256410256,0.3037974683544302,0.10256410256410256,0.3037974683544302
росли,2.5209026864206234,1.1583131000522515,Q3,0.06666666666666667,0.2631578947368421,0.2,0.3684210526315789,0.2,0.3684210526315789,0.26666666666666666,0.42105263157894735,0.26666666666666666,0.42105263157894735
рот,2.6487384069661535,1.0155065651034558,Q3,0.11428571428571428,0.294642857142857,0.11428571428571428,0.294642857142857,0.11428571428571428,0.294642857142857,0.11428571428571428,0.294642857142857,0.11428571428571428,0.294642857142857
рубильник,1.8864851602714512,1.0725634714227437,Q2,0.2222222222222222,0.3529411764705882,0.2222222222222222,0.3529411764705882,0.2222222222222222,0.3529411764705882,0.2222222222222222,0.3529411764705882,0.2222222222222222,0.3529411764705882
русалки,3.677173125011044,0.6711612354614819,Q4,0.019230769230769232,0.0843373493975903,0.019230769230769232,0.0843373493975903,0.038461538461538464,0.1927710843373493,0.038461538461538464,0.1927710843373493,0.038461538461538464,0.1927710843373493
рыбу,1.129113519979656,0.9605941113225702,Q1,0.07692307692307693,0.7794117647058822,0.15384615384615385,0.8088235294117645,0.15384615384615385,0.8088235294117645,0.15384615384615385,0.8088235294117645,0.15384615384615385,0.8088235294117645
рыть,2.5665989181145106,1.0209688165794892,Q3,0.07142857142857142,0.0625,0.07142857142857142,0.0625,0.07142857142857142,0.0625,0.07142857142857142,0.0625,0.07142857142857142,0.0625
сгущенки,2.845638493134253,0.9030847019671171,Q4,0.1111111111111111,0.2083333333333332,0.16666666666666666,0.2499999999999998,0.16666666666666666,0.2499999999999998,0.16666666666666666,0.2499999999999998,0.16666666666666666,0.2499999999999998
семья,2.013805893852346,1.3141030654348882,Q2,0.3,0.4736842105263157,0.3,0.4736842105263157,0.3,0.4736842105263157,0.3,0.4736842105263157,0.3,0.4736842105263157
сечь,2.36060911398924,1.3226234905231322,Q3,0.08333333333333333,0.1875,0.08333333333333333,0.1875,0.08333333333333333,0.1875,0.08333333333333333,0.1875,0.08333333333333333,0.1875
снег,2.289596871877651,0.764995440957329,Q2,0.18181818181818182,0.5121951219512194,0.18181818181818182,0.5121951219512194,0.18181818181818182,0.5121951219512194,0.18181818181818182,0.5121951219512194,0.18181818181818182,0.5121951219512194
собака,3.2178466808088215,0.8983543331066877,Q4,0.0625,0.0576923076923076,0.09375,0.0769230769230768,0.125,0.1538461538461537,0.1875,0.2115384615384613,0.1875,0.2115384615384613
сонату,3.4512476649720565,1.112861299965904,Q4,0.125,0.24999999999999972,0.125,0.24999999999999972,0.125,0.24999999999999972,0.125,0.24999999999999972,0.125,0.24999999999999972
сора,3.1101292748785703,0.7396160883589203,Q4,0.12121212121212122,0.3636363636363635,0.15151515151515152,0.37499999999999983,0.15151515151515152,0.37499999999999983,0.15151515151515152,0.37499999999999983,0.15151515151515152,0.37499999999999983
соринку,2.0212496822565247,1.1896159204646461,Q2,0.3,0.7727272727272725,0.3,0.7727272727272725,0.3,0.7727272727272725,0.3,0.7727272727272725,0.3,0.7727272727272725
союзу,2.83412587655526,1.0262520514226083,Q4,0.11764705882352941,0.13043478260869562,0.11764705882352941,0.13043478260869562,0.11764705882352941,0.13043478260869562,0.11764705882352941,0.13043478260869562,0.11764705882352941,0.13043478260869562
спать,2.4061595753978193,1.4346459306879429,Q3,0.3076923076923077,0.4736842105263156,0.3076923076923077,0.4736842105263156,0.3076923076923077,0.4736842105263156,0.3076923076923077,0.4736842105263156,0.3076923076923077,0.4736842105263156
специалист,2.52321095295289,0.6939156585686808,Q3,0.0,0.0,0.0,0.0,0.15384615384615385,0.1333333333333332,0.15384615384615385,0.1333333333333332,0.15384615384615385,0.1333333333333332
спокойный,2.2823743761592485,1.0561744788451208,Q2,0.3,0.41176470588235287,0.3,0.41176470588235287,0.3,0.41176470588235287,0.3,0.41176470588235287,0.3,0.41176470588235287
стога,2.6302533563892614,0.8758661873968792,Q3,0.06666666666666667,0.1666666666666666,0.2,0.27777777777777757,0.2,0.27777777777777757,0.2,0.27777777777777757,0.2,0.27777777777777757
стоимостью,0.46341355882643,0.9307038546703207,Q1,0.6666666666666666,0.9375,0.6666666666666666,0.9375,0.6666666666666666,0.9375,0.6666666666666666,0.9375,0.6666666666666666,0.9375
страницы,1.0435479071011897,0.35451045268393877,Q1,0.4,0.7894736842105263,0.6,0.894736842105263,0.6,0.894736842105263,0.6,0.894736842105263,0.6,0.894736842105263
страшных,3.243248698234345,1.217998304252551,Q4,0.09375,0.1269841269841268,0.125,0.22222222222222202,0.125,0.22222222222222202,0.125,0.22222222222222202,0.125,0.22222222222222202
сук,1.4144852042692373,1.5285877086516948,Q1,0.4166666666666667,0.8625,0.4166666666666667,0.8625,0.4166666666666667,0.8625,0.4166666666666667,0.8625,0.4166666666666667,0.8625
сытные,2.0794415416798357,1.2027980520519015,Q2,0.3,0.5625,0.3,0.5625,0.3,0.5625,0.3,0.5625,0.3,0.5625
талый,1.9273921261392741,1.2161362731664787,Q2,0.5,0.5625,0.625,0.6875,0.625,0.6875,0.625,0.6875,0.625,0.6875
телефон,0.21640840475847395,0.06855018169768082,Q1,0.3333333333333333,0.953846153846154,0.6666666666666666,0.9846153846153847,0.6666666666666666,0.9846153846153847,0.6666666666666666,0.9846153846153847,0.6666666666666666,0.9846153846153847
техосмотра,2.5577938601077315,0.8124726518501557,Q3,0.14285714285714285,0.2352941176470588,0.14285714285714285,0.2352941176470588,0.14285714285714285,0.2352941176470588,0.14285714285714285,0.2352941176470588,0.14285714285714285,0.2352941176470588
тонким,1.995921784715988,1.4619197512171256,Q2,0.3,0.5263157894736841,0.3,0.5263157894736841,0.3,0.5263157894736841,0.3,0.5263157894736841,0.3,0.5263157894736841
трепало,3.383216508506551,1.7387490927230602,Q4,0.07894736842105263,0.0789473684210526,0.07894736842105263,0.0789473684210526,0.15789473684210525,0.1710526315789473,0.21052631578947367,0.24999999999999986,0.21052631578947367,0.24999999999999986
углу,2.164381708444508,0.9285727419351566,Q2,0.11764705882352941,0.2121212121212121,0.11764705882352941,0.2121212121212121,0.11764705882352941,0.2121212121212121,0.11764705882352941,0.2121212121212121,0.11764705882352941,0.2121212121212121
узкой,2.463280883174366,0.774089269550144,Q3,0.14285714285714285,0.3333333333333332,0.21428571428571427,0.3809523809523808,0.21428571428571427,0.3809523809523808,0.21428571428571427,0.3809523809523808,0.21428571428571427,0.3809523809523808
узнал,2.9621892972623227,0.628237979484714,Q4,0.11428571428571428,0.3362068965517239,0.11428571428571428,0.3362068965517239,0.2,0.46551724137931,0.2,0.46551724137931,0.22857142857142856,0.47413793103448243
уйма,2.1910133173369406,1.0153953143167624,Q2,0.25,0.35,0.25,0.35,0.25,0.35,0.25,0.35,0.25,0.35
уйти,2.648438334546311,0.694533111845373,Q3,0.13333333333333333,0.3333333333333332,0.13333333333333333,0.3333333333333332,0.13333333333333333,0.3333333333333332,0.13333333333333333,0.3333333333333332,0.13333333333333333,0.3333333333333332
урон,3.3743239575020487,0.8659561702270276,Q4,0.058823529411764705,0.0392156862745098,0.058823529411764705,0.0392156862745098,0.058823529411764705,0.0392156862745098,0.058823529411764705,0.0392156862745098,0.058823529411764705,0.0392156862745098
урчала,2.778756107641899,1.0552070211671722,Q4,0.047619047619047616,0.3984375,0.047619047619047616,0.3984375,0.047619047619047616,0.3984375,0.047619047619047616,0.3984375,0.047619047619047616,0.3984375
ускользать,2.143041792817198,1.227412189228432,Q2,0.29411764705882354,0.2115384615384613,0.4117647058823529,0.2884615384615381,0.4117647058823529,0.2884615384615381,0.4117647058823529,0.2884615384615381,0.4117647058823529,0.2884615384615381
установить,2.5232109529528897,0.6812705257426817,Q3,0.07692307692307693,0.1333333333333333,0.07692307692307693,0.1333333333333333,0.07692307692307693,0.1333333333333333,0.07692307692307693,0.1333333333333333,0.07692307692307693,0.1333333333333333
ухо,2.0348755861937717,1.1794610119687048,Q2,0.2777777777777778,0.7812499999999998,0.2777777777777778,0.7812499999999998,0.2777777777777778,0.7812499999999998,0.2777777777777778,0.7812499999999998,0.2777777777777778,0.7812499999999998
фарш,1.769036161304013,1.5282130206416944,Q1,0.5,0.7777777777777777,0.625,0.8333333333333333,0.625,0.8333333333333333,0.625,0.8333333333333333,0.625,0.8333333333333333
фен,3.362578424679913,1.132512599775622,Q4,0.061224489795918366,0.232,0.08163265306122448,0.256,0.08163265306122448,0.256,0.08163265306122448,0.256,0.08163265306122448,0.256
хаки,2.7480380201089467,1.2791931156857093,Q3,0.07692307692307693,0.0769230769230768,0.07692307692307693,0.0769230769230768,0.07692307692307693,0.0769230769230768,0.07692307692307693,0.0769230769230768,0.07692307692307693,0.0769230769230768
хмурила,2.845611581742008,1.0765740506820987,Q4,0.12903225806451613,0.48684210526315785,0.12903225806451613,0.48684210526315785,0.12903225806451613,0.48684210526315785,0.12903225806451613,0.48684210526315785,0.12903225806451613,0.48684210526315785
центре,1.0831728085382526,0.8047659602415346,Q1,0.4,0.8421052631578946,0.4,0.8421052631578946,0.4,0.8421052631578946,0.4,0.8421052631578946,0.4,0.8421052631578946
шаг,3.8302175661091837,0.7911359951959468,Q4,0.05454545454545454,0.1538461538461536,0.05454545454545454,0.1538461538461536,0.05454545454545454,0.1538461538461536,0.05454545454545454,0.1538461538461536,0.05454545454545454,0.1538461538461536
шлейф,1.6674619334292948,1.1642381637684216,Q1,0.2857142857142857,0.625,0.2857142857142857,0.625,0.2857142857142857,0.625,0.2857142857142857,0.625,0.2857142857142857,0.625
штатив,3.1615365798581236,0.6975044076446753,Q4,0.1,0.4066666666666665,0.1,0.4066666666666665,0.1,0.4066666666666665,0.1,0.4066666666666665,0.1,0.4066666666666665
юлин,2.371622082737895,0.9168644729645848,Q3,0.21428571428571427,0.2641509433962263,0.21428571428571427,0.2641509433962263,0.21428571428571427,0.2641509433962263,0.21428571428571427,0.2641509433962263,0.21428571428571427,0.2641509433962263
юный,2.249848078478295,1.0197698680773515,Q2,0.038461538461538464,0.5217391304347826,0.07692307692307693,0.536231884057971,0.11538461538461539,0.5507246376811594,0.15384615384615385,0.5797101449275361,0.15384615384615385,0.5797101449275361
ярых,2.8981304781288526,1.0136950698214588,Q4,0.18181818181818182,0.16363636363636339,0.22727272727272727,0.4181818181818179,0.22727272727272727,0.4181818181818179,0.22727272727272727,0.4181818181818179,0.22727272727272727,0.4181818181818179
