word_id,n_human_lemmas,overlap_at_5,weighted_overlap_at_5,surface_match_at_5,surface_weighted_match_at_5,overlap_at_10,weighted_overlap_at_10,surface_match_at_10,surface_weighted_match_at_10,overlap_at_15,weighted_overlap_at_15,surface_match_at_15,surface_weighted_match_at_15,overlap_at_20,weighted_overlap_at_20,surface_match_at_20,surface_weighted_match_at_20,overlap_at_50,weighted_overlap_at_50,surface_match_at_50,surface_weighted_match_at_50,overlap_at_100,weighted_overlap_at_100,surface_match_at_100,surface_weighted_match_at_100,overlap_at_200,weighted_overlap_at_200,surface_match_at_200,surface_weighted_match_at_200
банке,5,0.2,0.8333333333333334,0.2,0.8333333333333334,0.2,0.8333333333333334,0.2,0.8333333333333334,0.2,0.8333333333333334,0.2,0.8333333333333334,0.2,0.8333333333333334,0.2,0.8333333333333334,0.2,0.8333333333333334,0.2,0.8333333333333334,0.2,0.8333333333333334,0.2,0.8333333333333334,0.2,0.8333333333333334,0.2,0.8333333333333334
количество,1,1.0,1.0,1.0,1.0,1.0,1.0,1.0,1.0,1.0,1.0,1.0,1.0,1.0,1.0,1.0,1.0,1.0,1.0,1.0,1.0,1.0,1.0,1.0,1.0,1.0,1.0,1.0,1.0
телефон,3,0.3333333333333333,0.953846153846154,0.3333333333333333,0.953846153846154,0.6666666666666666,0.9846153846153847,0.6666666666666666,0.9846153846153847,0.6666666666666666,0.9846153846153847,0.6666666666666666,0.9846153846153847,0.6666666666666666,0.9846153846153847,0.6666666666666666,0.9846153846153847,0.6666666666666666,0.9846153846153847,0.6666666666666666,0.9846153846153847,0.6666666666666666,0.9846153846153847,0.6666666666666666,0.9846153846153847,0.6666666666666666,0.9846153846153847,0.6666666666666666,0.9846153846153847
мазь,4,0.25,0.8421052631578947,0.25,0.8421052631578947,0.25,0.8421052631578947,0.25,0.8421052631578947,0.25,0.8421052631578947,0.25,0.8421052631578947,0.25,0.8421052631578947,0.25,0.8421052631578947,0.25,0.8421052631578947,0.25,0.8421052631578947,0.25,0.8421052631578947,0.25,0.8421052631578947,0.25,0.8421052631578947,0.25,0.8421052631578947
страницы,5,0.4,0.7894736842105263,0.4,0.7894736842105263,0.6,0.8947368421052632,0.6,0.8947368421052632,0.6,0.8947368421052632,0.6,0.8947368421052632,0.6,0.8947368421052632,0.6,0.8947368421052632,0.6,0.8947368421052632,0.6,0.8947368421052632,0.6,0.8947368421052632,0.6,0.8947368421052632,0.6,0.8947368421052632,0.6,0.8947368421052632
расходу,45,0.1111111111111111,0.44927536231884047,0.08695652173913043,0.42753623188405787,0.1111111111111111,0.44927536231884047,0.10869565217391304,0.4492753623188405,0.1111111111111111,0.44927536231884047,0.10869565217391304,0.4492753623188405,0.1111111111111111,0.44927536231884047,0.10869565217391304,0.4492753623188405,0.1111111111111111,0.44927536231884047,0.10869565217391304,0.4492753623188405,0.1111111111111111,0.44927536231884047,0.10869565217391304,0.4492753623188405,0.1111111111111111,0.44927536231884047,0.10869565217391304,0.4492753623188405
входить,13,0.23076923076923078,0.7419354838709676,0.2,0.7258064516129031,0.23076923076923078,0.7419354838709676,0.2,0.7258064516129031,0.23076923076923078,0.7419354838709676,0.2,0.7258064516129031,0.23076923076923078,0.7419354838709676,0.2,0.7258064516129031,0.23076923076923078,0.7419354838709676,0.2,0.7258064516129031,0.23076923076923078,0.7419354838709676,0.2,0.7258064516129031,0.23076923076923078,0.7419354838709676,0.2,0.7258064516129031
лес,18,0.1111111111111111,0.7701149425287356,0.1111111111111111,0.7701149425287356,0.1111111111111111,0.7701149425287356,0.1111111111111111,0.7701149425287356,0.1111111111111111,0.7701149425287356,0.1111111111111111,0.7701149425287356,0.1111111111111111,0.7701149425287356,0.1111111111111111,0.7701149425287356,0.1111111111111111,0.7701149425287356,0.1111111111111111,0.7701149425287356,0.1111111111111111,0.7701149425287356,0.1111111111111111,0.7701149425287356,0.1111111111111111,0.7701149425287356,0.1111111111111111,0.7701149425287356
открытая,7,0.2857142857142857,0.8571428571428571,0.2857142857142857,0.8571428571428571,0.42857142857142855,0.9047619047619047,0.42857142857142855,0.9047619047619047,0.5714285714285714,0.9523809523809522,0.5714285714285714,0.9523809523809522,0.5714285714285714,0.9523809523809522,0.5714285714285714,0.9523809523809522,0.5714285714285714,0.9523809523809522,0.5714285714285714,0.9523809523809522,0.5714285714285714,0.9523809523809522,0.5714285714285714,0.9523809523809522,0.5714285714285714,0.9523809523809522,0.5714285714285714,0.9523809523809522
обществе,3,0.6666666666666666,0.9411764705882353,0.6666666666666666,0.9411764705882353,0.6666666666666666,0.9411764705882353,0.6666666666666666,0.9411764705882353,0.6666666666666666,0.9411764705882353,0.6666666666666666,0.9411764705882353,0.6666666666666666,0.9411764705882353,0.6666666666666666,0.9411764705882353,0.6666666666666666,0.9411764705882353,0.6666666666666666,0.9411764705882353,0.6666666666666666,0.9411764705882353,0.6666666666666666,0.9411764705882353,0.6666666666666666,0.9411764705882353,0.6666666666666666,0.9411764705882353
обнаружена,17,0.11764705882352941,0.6923076923076923,0.11764705882352941,0.6923076923076923,0.17647058823529413,0.7115384615384615,0.17647058823529413,0.7115384615384615,0.17647058823529413,0.7115384615384615,0.17647058823529413,0.7115384615384615,0.17647058823529413,0.7115384615384615,0.17647058823529413,0.7115384615384615,0.17647058823529413,0.7115384615384615,0.17647058823529413,0.7115384615384615,0.17647058823529413,0.7115384615384615,0.17647058823529413,0.7115384615384615,0.17647058823529413,0.7115384615384615,0.17647058823529413,0.7115384615384615
дом,8,0.25,0.9240506329113924,0.25,0.9240506329113924,0.375,0.9367088607594937,0.375,0.9367088607594937,0.375,0.9367088607594937,0.375,0.9367088607594937,0.375,0.9367088607594937,0.375,0.9367088607594937,0.375,0.9367088607594937,0.375,0.9367088607594937,0.375,0.9367088607594937,0.375,0.9367088607594937,0.375,0.9367088607594937,0.375,0.9367088607594937
обстановка,4,0.75,0.9333333333333331,0.75,0.9333333333333331,0.75,0.9333333333333331,0.75,0.9333333333333331,0.75,0.9333333333333331,0.75,0.9333333333333331,0.75,0.9333333333333331,0.75,0.9333333333333331,0.75,0.9333333333333331,0.75,0.9333333333333331,0.75,0.9333333333333331,0.75,0.9333333333333331,0.75,0.9333333333333331,0.75,0.9333333333333331
атмосфера,10,0.2,0.4375,0.25,0.375,0.3,0.5625,0.25,0.375,0.3,0.5625,0.25,0.375,0.3,0.5625,0.25,0.375,0.3,0.5625,0.25,0.375,0.3,0.5625,0.25,0.375,0.3,0.5625,0.25,0.375
узкой,14,0.14285714285714285,0.3333333333333332,0.14285714285714285,0.3333333333333332,0.21428571428571427,0.3809523809523808,0.21428571428571427,0.3809523809523808,0.21428571428571427,0.3809523809523808,0.21428571428571427,0.3809523809523808,0.21428571428571427,0.3809523809523808,0.21428571428571427,0.3809523809523808,0.21428571428571427,0.3809523809523808,0.21428571428571427,0.3809523809523808,0.21428571428571427,0.3809523809523808,0.21428571428571427,0.3809523809523808,0.21428571428571427,0.3809523809523808,0.21428571428571427,0.3809523809523808
юлин,14,0.21428571428571427,0.2641509433962263,0.21428571428571427,0.2641509433962263,0.21428571428571427,0.2641509433962263,0.21428571428571427,0.2641509433962263,0.21428571428571427,0.2641509433962263,0.21428571428571427,0.2641509433962263,0.21428571428571427,0.2641509433962263,0.21428571428571427,0.2641509433962263,0.21428571428571427,0.2641509433962263,0.21428571428571427,0.2641509433962263,0.21428571428571427,0.2641509433962263,0.21428571428571427,0.2641509433962263,0.21428571428571427,0.2641509433962263,0.21428571428571427,0.2641509433962263
стоимостью,3,0.6666666666666666,0.9375,0.6666666666666666,0.9375,0.6666666666666666,0.9375,0.6666666666666666,0.9375,0.6666666666666666,0.9375,0.6666666666666666,0.9375,0.6666666666666666,0.9375,0.6666666666666666,0.9375,0.6666666666666666,0.9375,0.6666666666666666,0.9375,0.6666666666666666,0.9375,0.6666666666666666,0.9375,0.6666666666666666,0.9375,0.6666666666666666,0.9375
кораблей,6,0.3333333333333333,0.9130434782608696,0.3333333333333333,0.9130434782608696,0.3333333333333333,0.9130434782608696,0.3333333333333333,0.9130434782608696,0.3333333333333333,0.9130434782608696,0.3333333333333333,0.9130434782608696,0.3333333333333333,0.9130434782608696,0.3333333333333333,0.9130434782608696,0.3333333333333333,0.9130434782608696,0.3333333333333333,0.9130434782608696,0.3333333333333333,0.9130434782608696,0.3333333333333333,0.9130434782608696,0.3333333333333333,0.9130434782608696,0.3333333333333333,0.9130434782608696
ускользать,17,0.29411764705882354,0.21153846153846131,0.29411764705882354,0.21153846153846131,0.4117647058823529,0.2884615384615381,0.4117647058823529,0.2884615384615381,0.4117647058823529,0.2884615384615381,0.4117647058823529,0.2884615384615381,0.4117647058823529,0.2884615384615381,0.4117647058823529,0.2884615384615381,0.4117647058823529,0.2884615384615381,0.4117647058823529,0.2884615384615381,0.4117647058823529,0.2884615384615381,0.4117647058823529,0.2884615384615381,0.4117647058823529,0.2884615384615381,0.4117647058823529,0.2884615384615381
называют,5,0.2,0.5882352941176471,0.2,0.5882352941176471,0.2,0.5882352941176471,0.2,0.5882352941176471,0.2,0.5882352941176471,0.2,0.5882352941176471,0.2,0.5882352941176471,0.2,0.5882352941176471,0.2,0.5882352941176471,0.2,0.5882352941176471,0.2,0.5882352941176471,0.2,0.5882352941176471,0.2,0.5882352941176471,0.2,0.5882352941176471
центре,5,0.4,0.8421052631578946,0.4,0.8421052631578946,0.4,0.8421052631578946,0.4,0.8421052631578946,0.4,0.8421052631578946,0.4,0.8421052631578946,0.4,0.8421052631578946,0.4,0.8421052631578946,0.4,0.8421052631578946,0.4,0.8421052631578946,0.4,0.8421052631578946,0.4,0.8421052631578946,0.4,0.8421052631578946,0.4,0.8421052631578946
снег,22,0.18181818181818182,0.5121951219512194,0.17391304347826086,0.4999999999999999,0.18181818181818182,0.5121951219512194,0.17391304347826086,0.4999999999999999,0.18181818181818182,0.5121951219512194,0.17391304347826086,0.4999999999999999,0.18181818181818182,0.5121951219512194,0.17391304347826086,0.4999999999999999,0.18181818181818182,0.5121951219512194,0.17391304347826086,0.4999999999999999,0.18181818181818182,0.5121951219512194,0.17391304347826086,0.4999999999999999,0.18181818181818182,0.5121951219512194,0.17391304347826086,0.4999999999999999
шлейф,7,0.2857142857142857,0.625,0.2857142857142857,0.625,0.2857142857142857,0.625,0.2857142857142857,0.625,0.2857142857142857,0.625,0.2857142857142857,0.625,0.2857142857142857,0.625,0.2857142857142857,0.625,0.2857142857142857,0.625,0.2857142857142857,0.625,0.2857142857142857,0.625,0.2857142857142857,0.625,0.2857142857142857,0.625,0.2857142857142857,0.625
крупу,3,0.6666666666666666,0.9375,0.6666666666666666,0.9375,0.6666666666666666,0.9375,0.6666666666666666,0.9375,0.6666666666666666,0.9375,0.6666666666666666,0.9375,0.6666666666666666,0.9375,0.6666666666666666,0.9375,0.6666666666666666,0.9375,0.6666666666666666,0.9375,0.6666666666666666,0.9375,0.6666666666666666,0.9375,0.6666666666666666,0.9375,0.6666666666666666,0.9375
соринку,10,0.3,0.7727272727272726,0.3076923076923077,0.7386363636363635,0.3,0.7727272727272726,0.46153846153846156,0.7727272727272726,0.3,0.7727272727272726,0.46153846153846156,0.7727272727272726,0.3,0.7727272727272726,0.46153846153846156,0.7727272727272726,0.3,0.7727272727272726,0.46153846153846156,0.7727272727272726,0.3,0.7727272727272726,0.46153846153846156,0.7727272727272726,0.3,0.7727272727272726,0.46153846153846156,0.7727272727272726
лед,61,0.06557377049180328,0.31884057971014496,0.06557377049180328,0.31884057971014496,0.06557377049180328,0.31884057971014496,0.06557377049180328,0.31884057971014496,0.06557377049180328,0.31884057971014496,0.06557377049180328,0.31884057971014496,0.06557377049180328,0.31884057971014496,0.06557377049180328,0.31884057971014496,0.06557377049180328,0.31884057971014496,0.06557377049180328,0.31884057971014496,0.06557377049180328,0.31884057971014496,0.06557377049180328,0.31884057971014496,0.06557377049180328,0.31884057971014496,0.06557377049180328,0.31884057971014496
ухо,18,0.2777777777777778,0.7812499999999998,0.2,0.7499999999999999,0.2777777777777778,0.7812499999999998,0.25,0.7604166666666665,0.2777777777777778,0.7812499999999998,0.25,0.7604166666666665,0.2777777777777778,0.7812499999999998,0.25,0.7604166666666665,0.2777777777777778,0.7812499999999998,0.25,0.7604166666666665,0.2777777777777778,0.7812499999999998,0.25,0.7604166666666665,0.2777777777777778,0.7812499999999998,0.25,0.7604166666666665
рот,35,0.11428571428571428,0.294642857142857,0.08571428571428572,0.2857142857142856,0.11428571428571428,0.294642857142857,0.08571428571428572,0.2857142857142856,0.11428571428571428,0.294642857142857,0.08571428571428572,0.2857142857142856,0.11428571428571428,0.294642857142857,0.08571428571428572,0.2857142857142856,0.11428571428571428,0.294642857142857,0.08571428571428572,0.2857142857142856,0.11428571428571428,0.294642857142857,0.08571428571428572,0.2857142857142856,0.11428571428571428,0.294642857142857,0.08571428571428572,0.2857142857142856
рыбу,13,0.07692307692307693,0.7794117647058822,0.07142857142857142,0.7647058823529411,0.15384615384615385,0.8088235294117645,0.07142857142857142,0.7647058823529411,0.15384615384615385,0.8088235294117645,0.07142857142857142,0.7647058823529411,0.15384615384615385,0.8088235294117645,0.07142857142857142,0.7647058823529411,0.15384615384615385,0.8088235294117645,0.07142857142857142,0.7647058823529411,0.15384615384615385,0.8088235294117645,0.07142857142857142,0.7647058823529411,0.15384615384615385,0.8088235294117645,0.07142857142857142,0.7647058823529411
заставить,10,0.2,0.3999999999999999,0.2,0.3999999999999999,0.3,0.4666666666666665,0.3,0.4666666666666665,0.3,0.4666666666666665,0.3,0.4666666666666665,0.3,0.4666666666666665,0.3,0.4666666666666665,0.3,0.4666666666666665,0.3,0.4666666666666665,0.3,0.4666666666666665,0.3,0.4666666666666665,0.3,0.4666666666666665,0.3,0.4666666666666665
летом,11,0.18181818181818182,0.608695652173913,0.16666666666666666,0.5652173913043478,0.18181818181818182,0.608695652173913,0.16666666666666666,0.5652173913043478,0.18181818181818182,0.608695652173913,0.16666666666666666,0.5652173913043478,0.18181818181818182,0.608695652173913,0.16666666666666666,0.5652173913043478,0.18181818181818182,0.608695652173913,0.16666666666666666,0.5652173913043478,0.18181818181818182,0.608695652173913,0.16666666666666666,0.5652173913043478,0.18181818181818182,0.608695652173913,0.16666666666666666,0.5652173913043478
покрывало,7,0.42857142857142855,0.7647058823529411,0.42857142857142855,0.7647058823529411,0.42857142857142855,0.7647058823529411,0.42857142857142855,0.7647058823529411,0.42857142857142855,0.7647058823529411,0.42857142857142855,0.7647058823529411,0.42857142857142855,0.7647058823529411,0.42857142857142855,0.7647058823529411,0.5714285714285714,0.8235294117647058,0.42857142857142855,0.7647058823529411,0.5714285714285714,0.8235294117647058,0.42857142857142855,0.7647058823529411,0.5714285714285714,0.8235294117647058,0.42857142857142855,0.7647058823529411
пахучим,11,0.36363636363636365,0.4505494505494504,0.36363636363636365,0.4505494505494504,0.5454545454545454,0.9450549450549449,0.5454545454545454,0.9450549450549449,0.5454545454545454,0.9450549450549449,0.5454545454545454,0.9450549450549449,0.5454545454545454,0.9450549450549449,0.5454545454545454,0.9450549450549449,0.5454545454545454,0.9450549450549449,0.6363636363636364,0.9560439560439558,0.5454545454545454,0.9450549450549449,0.6363636363636364,0.9560439560439558,0.5454545454545454,0.9450549450549449,0.6363636363636364,0.9560439560439558
купон,7,0.42857142857142855,0.75,0.3333333333333333,0.3125,0.42857142857142855,0.75,0.5555555555555556,0.75,0.42857142857142855,0.75,0.5555555555555556,0.75,0.42857142857142855,0.75,0.5555555555555556,0.75,0.42857142857142855,0.75,0.5555555555555556,0.75,0.42857142857142855,0.75,0.5555555555555556,0.75,0.42857142857142855,0.75,0.5555555555555556,0.75
сечь,12,0.08333333333333333,0.1875,0.08333333333333333,0.1875,0.08333333333333333,0.1875,0.08333333333333333,0.1875,0.08333333333333333,0.1875,0.08333333333333333,0.1875,0.08333333333333333,0.1875,0.08333333333333333,0.1875,0.08333333333333333,0.1875,0.08333333333333333,0.1875,0.08333333333333333,0.1875,0.08333333333333333,0.1875,0.08333333333333333,0.1875,0.08333333333333333,0.1875
ярых,22,0.18181818181818182,0.1636363636363634,0.16,0.16363636363636339,0.22727272727272727,0.4181818181818179,0.24,0.39999999999999974,0.22727272727272727,0.4181818181818179,0.24,0.39999999999999974,0.22727272727272727,0.4181818181818179,0.24,0.39999999999999974,0.22727272727272727,0.4181818181818179,0.24,0.39999999999999974,0.22727272727272727,0.4181818181818179,0.24,0.39999999999999974,0.22727272727272727,0.4181818181818179,0.24,0.39999999999999974
мопед,8,0.125,0.375,0.09090909090909091,0.25,0.125,0.375,0.18181818181818182,0.3125,0.125,0.375,0.18181818181818182,0.3125,0.125,0.375,0.18181818181818182,0.3125,0.125,0.375,0.18181818181818182,0.3125,0.125,0.375,0.18181818181818182,0.3125,0.125,0.375,0.18181818181818182,0.3125
талый,8,0.5,0.5625,0.5,0.5625,0.625,0.6875,0.625,0.6875,0.625,0.6875,0.625,0.6875,0.625,0.6875,0.625,0.6875,0.625,0.6875,0.625,0.6875,0.625,0.6875,0.625,0.6875,0.625,0.6875,0.625,0.6875
росли,15,0.06666666666666667,0.2631578947368421,0.0,0.0,0.2,0.3684210526315789,0.13333333333333333,0.1052631578947368,0.2,0.3684210526315789,0.13333333333333333,0.1052631578947368,0.2,0.3684210526315789,0.13333333333333333,0.1052631578947368,0.26666666666666666,0.42105263157894735,0.2,0.1578947368421052,0.26666666666666666,0.42105263157894735,0.2,0.1578947368421052,0.26666666666666666,0.42105263157894735,0.2,0.1578947368421052
летела,46,0.021739130434782608,0.0606060606060605,0.0,0.0,0.021739130434782608,0.0606060606060605,0.0,0.0,0.06521739130434782,0.13636363636363608,0.0,0.0,0.08695652173913043,0.1439393939393936,0.0,0.0,0.13043478260869565,0.2727272727272722,0.0,0.0,0.13043478260869565,0.2727272727272722,0.0,0.0,0.15217391304347827,0.2803030303030297,0.0,0.0
вол,27,0.14814814814814814,0.7350427350427349,0.14814814814814814,0.7350427350427349,0.18518518518518517,0.7435897435897434,0.14814814814814814,0.7350427350427349,0.2222222222222222,0.7521367521367519,0.14814814814814814,0.7350427350427349,0.2222222222222222,0.7521367521367519,0.14814814814814814,0.7350427350427349,0.2222222222222222,0.7521367521367519,0.14814814814814814,0.7350427350427349,0.2222222222222222,0.7521367521367519,0.14814814814814814,0.7350427350427349,0.2222222222222222,0.7521367521367519,0.14814814814814814,0.7350427350427349
напряжение,7,0.14285714285714285,0.2,0.14285714285714285,0.2,0.42857142857142855,0.3999999999999999,0.2857142857142857,0.2666666666666666,0.42857142857142855,0.3999999999999999,0.42857142857142855,0.3999999999999999,0.42857142857142855,0.3999999999999999,0.42857142857142855,0.3999999999999999,0.42857142857142855,0.3999999999999999,0.42857142857142855,0.3999999999999999,0.42857142857142855,0.3999999999999999,0.42857142857142855,0.3999999999999999,0.42857142857142855,0.3999999999999999,0.42857142857142855,0.3999999999999999
стога,15,0.06666666666666667,0.1666666666666666,0.06666666666666667,0.1666666666666666,0.2,0.27777777777777757,0.06666666666666667,0.1666666666666666,0.2,0.27777777777777757,0.06666666666666667,0.1666666666666666,0.2,0.27777777777777757,0.06666666666666667,0.1666666666666666,0.2,0.27777777777777757,0.06666666666666667,0.1666666666666666,0.2,0.27777777777777757,0.06666666666666667,0.1666666666666666,0.2,0.27777777777777757,0.06666666666666667,0.1666666666666666
командиру,8,0.125,0.3157894736842105,0.125,0.3157894736842105,0.25,0.6842105263157894,0.125,0.3157894736842105,0.375,0.7368421052631579,0.125,0.3157894736842105,0.375,0.7368421052631579,0.125,0.3157894736842105,0.375,0.7368421052631579,0.125,0.3157894736842105,0.375,0.7368421052631579,0.125,0.3157894736842105,0.375,0.7368421052631579,0.125,0.3157894736842105
едкой,8,0.25,0.5625,0.25,0.5625,0.25,0.5625,0.25,0.5625,0.25,0.5625,0.25,0.5625,0.25,0.5625,0.25,0.5625,0.25,0.5625,0.25,0.5625,0.25,0.5625,0.25,0.5625,0.25,0.5625,0.25,0.5625
жить,5,0.6,0.9047619047619047,0.6,0.9047619047619047,0.6,0.9047619047619047,0.6,0.9047619047619047,0.6,0.9047619047619047,0.6,0.9047619047619047,0.6,0.9047619047619047,0.6,0.9047619047619047,0.6,0.9047619047619047,0.6,0.9047619047619047,0.6,0.9047619047619047,0.6,0.9047619047619047,0.6,0.9047619047619047,0.6,0.9047619047619047
иной,24,0.16666666666666666,0.4057971014492753,0.10344827586206896,0.34782608695652173,0.20833333333333334,0.4202898550724637,0.1724137931034483,0.3768115942028985,0.20833333333333334,0.4202898550724637,0.1724137931034483,0.3768115942028985,0.20833333333333334,0.4202898550724637,0.1724137931034483,0.3768115942028985,0.20833333333333334,0.4202898550724637,0.1724137931034483,0.3768115942028985,0.20833333333333334,0.4202898550724637,0.1724137931034483,0.3768115942028985,0.20833333333333334,0.4202898550724637,0.1724137931034483,0.3768115942028985
тонким,10,0.3,0.5263157894736841,0.2727272727272727,0.5263157894736841,0.3,0.5263157894736841,0.2727272727272727,0.5263157894736841,0.3,0.5263157894736841,0.2727272727272727,0.5263157894736841,0.3,0.5263157894736841,0.2727272727272727,0.5263157894736841,0.3,0.5263157894736841,0.2727272727272727,0.5263157894736841,0.3,0.5263157894736841,0.2727272727272727,0.5263157894736841,0.3,0.5263157894736841,0.2727272727272727,0.5263157894736841
углу,17,0.11764705882352941,0.2121212121212121,0.11764705882352941,0.2121212121212121,0.11764705882352941,0.2121212121212121,0.11764705882352941,0.2121212121212121,0.11764705882352941,0.2121212121212121,0.11764705882352941,0.2121212121212121,0.11764705882352941,0.2121212121212121,0.11764705882352941,0.2121212121212121,0.11764705882352941,0.2121212121212121,0.11764705882352941,0.2121212121212121,0.11764705882352941,0.2121212121212121,0.11764705882352941,0.2121212121212121,0.11764705882352941,0.2121212121212121,0.11764705882352941,0.2121212121212121
сгущенки,18,0.1111111111111111,0.2083333333333332,0.10526315789473684,0.0833333333333332,0.16666666666666666,0.2499999999999998,0.15789473684210525,0.1249999999999998,0.16666666666666666,0.2499999999999998,0.15789473684210525,0.1249999999999998,0.16666666666666666,0.2499999999999998,0.15789473684210525,0.1249999999999998,0.16666666666666666,0.2499999999999998,0.15789473684210525,0.1249999999999998,0.16666666666666666,0.2499999999999998,0.15789473684210525,0.1249999999999998,0.16666666666666666,0.2499999999999998,0.15789473684210525,0.1249999999999998
одинаковые,8,0.125,0.3333333333333333,0.125,0.3333333333333333,0.25,0.4666666666666666,0.25,0.4666666666666666,0.25,0.4666666666666666,0.25,0.4666666666666666,0.25,0.4666666666666666,0.25,0.4666666666666666,0.25,0.4666666666666666,0.25,0.4666666666666666,0.25,0.4666666666666666,0.25,0.4666666666666666,0.25,0.4666666666666666,0.25,0.4666666666666666
бездетным,7,0.2857142857142857,0.7222222222222222,0.2857142857142857,0.7222222222222222,0.2857142857142857,0.7222222222222222,0.2857142857142857,0.7222222222222222,0.2857142857142857,0.7222222222222222,0.2857142857142857,0.7222222222222222,0.2857142857142857,0.7222222222222222,0.2857142857142857,0.7222222222222222,0.2857142857142857,0.7222222222222222,0.2857142857142857,0.7222222222222222,0.2857142857142857,0.7222222222222222,0.2857142857142857,0.7222222222222222,0.2857142857142857,0.7222222222222222,0.2857142857142857,0.7222222222222222
пластмассы,8,0.25,0.5714285714285713,0.25,0.5714285714285713,0.25,0.5714285714285713,0.25,0.5714285714285713,0.25,0.5714285714285713,0.25,0.5714285714285713,0.25,0.5714285714285713,0.25,0.5714285714285713,0.25,0.5714285714285713,0.25,0.5714285714285713,0.25,0.5714285714285713,0.25,0.5714285714285713,0.25,0.5714285714285713,0.25,0.5714285714285713
который,16,0.3125,0.8021978021978016,0.23809523809523808,0.6593406593406591,0.3125,0.8021978021978016,0.23809523809523808,0.6593406593406591,0.3125,0.8021978021978016,0.23809523809523808,0.6593406593406591,0.3125,0.8021978021978016,0.23809523809523808,0.6593406593406591,0.3125,0.8021978021978016,0.23809523809523808,0.6593406593406591,0.3125,0.8021978021978016,0.23809523809523808,0.6593406593406591,0.3125,0.8021978021978016,0.23809523809523808,0.6593406593406591
спокойный,10,0.3,0.41176470588235287,0.2727272727272727,0.41176470588235287,0.3,0.41176470588235287,0.2727272727272727,0.41176470588235287,0.3,0.41176470588235287,0.2727272727272727,0.41176470588235287,0.3,0.41176470588235287,0.2727272727272727,0.41176470588235287,0.3,0.41176470588235287,0.2727272727272727,0.41176470588235287,0.3,0.41176470588235287,0.2727272727272727,0.41176470588235287,0.3,0.41176470588235287,0.2727272727272727,0.41176470588235287
хаки,26,0.07692307692307693,0.0769230769230768,0.037037037037037035,0.0192307692307692,0.07692307692307693,0.0769230769230768,0.07407407407407407,0.0576923076923076,0.07692307692307693,0.0769230769230768,0.07407407407407407,0.0576923076923076,0.07692307692307693,0.0769230769230768,0.07407407407407407,0.0576923076923076,0.07692307692307693,0.0769230769230768,0.07407407407407407,0.0576923076923076,0.07692307692307693,0.0769230769230768,0.07407407407407407,0.0576923076923076,0.07692307692307693,0.0769230769230768,0.07407407407407407,0.0576923076923076
розетки,39,0.07692307692307693,0.20253164556962008,0.06666666666666667,0.20253164556962008,0.10256410256410256,0.3037974683544302,0.08888888888888889,0.3037974683544302,0.10256410256410256,0.3037974683544302,0.08888888888888889,0.3037974683544302,0.10256410256410256,0.30379746835443017,0.08888888888888889,0.3037974683544302,0.10256410256410256,0.30379746835443017,0.08888888888888889,0.3037974683544302,0.10256410256410256,0.30379746835443017,0.08888888888888889,0.3037974683544302,0.10256410256410256,0.30379746835443017,0.08888888888888889,0.3037974683544302
баранины,5,0.2,0.8,0.2,0.8,0.2,0.8,0.2,0.8,0.2,0.8,0.2,0.8,0.2,0.8,0.2,0.8,0.2,0.8,0.2,0.8,0.2,0.8,0.2,0.8,0.2,0.8,0.2,0.8
сук,12,0.4166666666666667,0.8624999999999998,0.4166666666666667,0.8624999999999998,0.4166666666666667,0.8624999999999998,0.4166666666666667,0.8624999999999998,0.4166666666666667,0.8624999999999998,0.4166666666666667,0.8624999999999998,0.4166666666666667,0.8624999999999998,0.4166666666666667,0.8624999999999998,0.4166666666666667,0.8624999999999998,0.4166666666666667,0.8624999999999998,0.4166666666666667,0.8624999999999998,0.4166666666666667,0.8624999999999998,0.4166666666666667,0.8624999999999998,0.4166666666666667,0.8624999999999998
неявное,48,0.0625,0.158878504672897,0.0625,0.158878504672897,0.08333333333333333,0.1682242990654203,0.08333333333333333,0.1682242990654203,0.08333333333333333,0.1682242990654203,0.08333333333333333,0.1682242990654203,0.08333333333333333,0.1682242990654203,0.08333333333333333,0.1682242990654203,0.08333333333333333,0.1682242990654203,0.08333333333333333,0.1682242990654203,0.08333333333333333,0.1682242990654203,0.08333333333333333,0.1682242990654203,0.08333333333333333,0.1682242990654203,0.08333333333333333,0.1682242990654203
атрибутику,9,0.0,0.0,0.0,0.0,0.0,0.0,0.0,0.0,0.0,0.0,0.0,0.0,0.0,0.0,0.0,0.0,0.0,0.0,0.0,0.0,0.0,0.0,0.0,0.0,0.0,0.0,0.0,0.0
крыши,16,0.0625,0.1,0.0625,0.1,0.0625,0.1,0.0625,0.1,0.0625,0.1,0.0625,0.1,0.0625,0.1,0.0625,0.1,0.125,0.15000000000000002,0.0625,0.1,0.125,0.15000000000000002,0.0625,0.1,0.125,0.15000000000000002,0.0625,0.1
злило,12,0.4166666666666667,0.5625,0.25,0.375,0.4166666666666667,0.5625,0.25,0.375,0.4166666666666667,0.5625,0.3333333333333333,0.5,0.4166666666666667,0.5625,0.3333333333333333,0.5,0.4166666666666667,0.5625,0.3333333333333333,0.5,0.4166666666666667,0.5625,0.3333333333333333,0.5,0.4166666666666667,0.5625,0.3333333333333333,0.5
всей,18,0.1111111111111111,0.5277777777777777,0.09090909090909091,0.4027777777777778,0.1111111111111111,0.5277777777777777,0.09090909090909091,0.4027777777777778,0.1111111111111111,0.5277777777777777,0.09090909090909091,0.4027777777777778,0.1111111111111111,0.5277777777777777,0.09090909090909091,0.4027777777777778,0.16666666666666666,0.5416666666666665,0.09090909090909091,0.4027777777777778,0.16666666666666666,0.5416666666666665,0.09090909090909091,0.4027777777777778,0.16666666666666666,0.5416666666666665,0.09090909090909091,0.4027777777777778
реки,14,0.2857142857142857,0.818181818181818,0.3333333333333333,0.818181818181818,0.2857142857142857,0.818181818181818,0.3333333333333333,0.818181818181818,0.2857142857142857,0.818181818181818,0.3333333333333333,0.818181818181818,0.2857142857142857,0.818181818181818,0.3333333333333333,0.818181818181818,0.2857142857142857,0.818181818181818,0.3333333333333333,0.818181818181818,0.2857142857142857,0.818181818181818,0.3333333333333333,0.818181818181818,0.2857142857142857,0.818181818181818,0.3333333333333333,0.818181818181818
семья,10,0.3,0.4736842105263157,0.3,0.4736842105263157,0.3,0.4736842105263157,0.3,0.4736842105263157,0.3,0.4736842105263157,0.3,0.4736842105263157,0.3,0.4736842105263157,0.3,0.4736842105263157,0.3,0.4736842105263157,0.3,0.4736842105263157,0.3,0.4736842105263157,0.3,0.4736842105263157,0.3,0.4736842105263157,0.3,0.4736842105263157
спать,13,0.3076923076923077,0.4736842105263156,0.3076923076923077,0.4736842105263156,0.3076923076923077,0.4736842105263156,0.3076923076923077,0.4736842105263156,0.3076923076923077,0.4736842105263156,0.3076923076923077,0.4736842105263156,0.3076923076923077,0.4736842105263156,0.3076923076923077,0.4736842105263156,0.3076923076923077,0.4736842105263156,0.3076923076923077,0.4736842105263156,0.3076923076923077,0.4736842105263156,0.3076923076923077,0.4736842105263156,0.3076923076923077,0.4736842105263156,0.3076923076923077,0.4736842105263156
несчастные,4,0.5,0.5333333333333332,0.5,0.5333333333333332,0.75,0.7999999999999998,0.75,0.7999999999999998,0.75,0.7999999999999998,0.75,0.7999999999999998,0.75,0.7999999999999998,0.75,0.7999999999999998,0.75,0.7999999999999998,0.75,0.7999999999999998,0.75,0.7999999999999998,0.75,0.7999999999999998,0.75,0.7999999999999998,0.75,0.7999999999999998
бампера,7,0.14285714285714285,0.625,0.14285714285714285,0.625,0.2857142857142857,0.6875,0.14285714285714285,0.625,0.2857142857142857,0.6875,0.14285714285714285,0.625,0.2857142857142857,0.6875,0.14285714285714285,0.625,0.2857142857142857,0.6875,0.14285714285714285,0.625,0.2857142857142857,0.6875,0.14285714285714285,0.625,0.2857142857142857,0.6875,0.14285714285714285,0.625
полный,13,0.15384615384615385,0.4210526315789473,0.15384615384615385,0.4210526315789473,0.15384615384615385,0.4210526315789473,0.15384615384615385,0.4210526315789473,0.15384615384615385,0.4210526315789473,0.15384615384615385,0.4210526315789473,0.15384615384615385,0.4210526315789473,0.15384615384615385,0.4210526315789473,0.15384615384615385,0.4210526315789473,0.15384615384615385,0.4210526315789473,0.15384615384615385,0.4210526315789473,0.15384615384615385,0.4210526315789473,0.15384615384615385,0.4210526315789473,0.15384615384615385,0.4210526315789473
вить,9,0.2222222222222222,0.25,0.2,0.1875,0.2222222222222222,0.25,0.2,0.1875,0.2222222222222222,0.25,0.2,0.1875,0.2222222222222222,0.25,0.2,0.1875,0.2222222222222222,0.25,0.2,0.1875,0.2222222222222222,0.25,0.2,0.1875,0.2222222222222222,0.25,0.2,0.1875
отдельная,13,0.15384615384615385,0.125,0.14285714285714285,0.125,0.15384615384615385,0.125,0.14285714285714285,0.125,0.15384615384615385,0.125,0.14285714285714285,0.125,0.15384615384615385,0.125,0.14285714285714285,0.125,0.15384615384615385,0.125,0.14285714285714285,0.125,0.15384615384615385,0.125,0.14285714285714285,0.125,0.15384615384615385,0.125,0.14285714285714285,0.125
сытные,10,0.3,0.5625,0.3,0.5625,0.3,0.5625,0.3,0.5625,0.3,0.5625,0.3,0.5625,0.3,0.5625,0.3,0.5625,0.3,0.5625,0.3,0.5625,0.3,0.5625,0.3,0.5625,0.3,0.5625,0.3,0.5625
новой,12,0.16666666666666666,0.4285714285714284,0.15384615384615385,0.2857142857142856,0.25,0.5238095238095236,0.3076923076923077,0.5238095238095236,0.25,0.5238095238095236,0.3076923076923077,0.5238095238095236,0.25,0.5238095238095236,0.3076923076923077,0.5238095238095236,0.25,0.5238095238095236,0.3076923076923077,0.5238095238095236,0.25,0.5238095238095236,0.3076923076923077,0.5238095238095236,0.25,0.5238095238095236,0.3076923076923077,0.5238095238095236
фарш,8,0.5,0.7777777777777777,0.5,0.7777777777777777,0.625,0.8333333333333333,0.625,0.8333333333333333,0.625,0.8333333333333333,0.625,0.8333333333333333,0.625,0.8333333333333333,0.625,0.8333333333333333,0.625,0.8333333333333333,0.625,0.8333333333333333,0.625,0.8333333333333333,0.625,0.8333333333333333,0.625,0.8333333333333333,0.625,0.8333333333333333
нюх,25,0.12,0.2421052631578946,0.12,0.2421052631578946,0.2,0.3684210526315787,0.2,0.3684210526315787,0.2,0.3684210526315787,0.2,0.3684210526315787,0.2,0.3684210526315787,0.2,0.3684210526315787,0.2,0.3684210526315787,0.2,0.3684210526315787,0.2,0.3684210526315787,0.2,0.3684210526315787,0.2,0.3684210526315787,0.2,0.3684210526315787
ноев,44,0.11363636363636363,0.18032786885245877,0.08888888888888889,0.163934426229508,0.13636363636363635,0.26229508196721274,0.1111111111111111,0.24590163934426199,0.13636363636363635,0.26229508196721274,0.1111111111111111,0.24590163934426199,0.13636363636363635,0.26229508196721274,0.1111111111111111,0.24590163934426199,0.13636363636363635,0.26229508196721274,0.1111111111111111,0.24590163934426199,0.13636363636363635,0.26229508196721274,0.1111111111111111,0.24590163934426199,0.13636363636363635,0.26229508196721274,0.1111111111111111,0.24590163934426199
крен,27,0.0,0.0,0.0,0.0,0.0,0.0,0.0,0.0,0.0,0.0,0.0,0.0,0.0,0.0,0.0,0.0,0.0,0.0,0.0,0.0,0.0,0.0,0.0,0.0,0.0,0.0,0.0,0.0
миссионеры,10,0.0,0.0,0.0,0.0,0.0,0.0,0.0,0.0,0.0,0.0,0.0,0.0,0.0,0.0,0.0,0.0,0.0,0.0,0.0,0.0,0.0,0.0,0.0,0.0,0.0,0.0,0.0,0.0
журчание,14,0.14285714285714285,0.1666666666666666,0.06666666666666667,0.125,0.14285714285714285,0.1666666666666666,0.06666666666666667,0.125,0.14285714285714285,0.1666666666666666,0.06666666666666667,0.125,0.14285714285714285,0.1666666666666666,0.06666666666666667,0.125,0.14285714285714285,0.1666666666666666,0.06666666666666667,0.125,0.14285714285714285,0.1666666666666666,0.06666666666666667,0.125,0.14285714285714285,0.1666666666666666,0.06666666666666667,0.125
есть,14,0.14285714285714285,0.23809523809523803,0.13333333333333333,0.1904761904761904,0.14285714285714285,0.23809523809523803,0.13333333333333333,0.1904761904761904,0.14285714285714285,0.23809523809523803,0.13333333333333333,0.1904761904761904,0.14285714285714285,0.23809523809523803,0.13333333333333333,0.1904761904761904,0.14285714285714285,0.23809523809523803,0.13333333333333333,0.1904761904761904,0.14285714285714285,0.23809523809523803,0.13333333333333333,0.1904761904761904,0.14285714285714285,0.23809523809523803,0.13333333333333333,0.1904761904761904
лопоухая,38,0.07894736842105263,0.056338028169014,0.075,0.056338028169014,0.10526315789473684,0.084507042253521,0.1,0.084507042253521,0.10526315789473684,0.084507042253521,0.1,0.084507042253521,0.10526315789473684,0.084507042253521,0.1,0.084507042253521,0.10526315789473684,0.084507042253521,0.1,0.084507042253521,0.10526315789473684,0.084507042253521,0.1,0.084507042253521,0.10526315789473684,0.084507042253521,0.1,0.084507042253521
молоко,14,0.14285714285714285,0.1578947368421052,0.14285714285714285,0.1578947368421052,0.14285714285714285,0.1578947368421052,0.14285714285714285,0.1578947368421052,0.14285714285714285,0.1578947368421052,0.14285714285714285,0.1578947368421052,0.14285714285714285,0.1578947368421052,0.14285714285714285,0.1578947368421052,0.14285714285714285,0.1578947368421052,0.14285714285714285,0.1578947368421052,0.14285714285714285,0.1578947368421052,0.14285714285714285,0.1578947368421052,0.14285714285714285,0.1578947368421052,0.14285714285714285,0.1578947368421052
рыть,14,0.07142857142857142,0.0625,0.07142857142857142,0.0625,0.07142857142857142,0.0625,0.07142857142857142,0.0625,0.07142857142857142,0.0625,0.07142857142857142,0.0625,0.07142857142857142,0.0625,0.07142857142857142,0.0625,0.07142857142857142,0.0625,0.07142857142857142,0.0625,0.07142857142857142,0.0625,0.07142857142857142,0.0625,0.07142857142857142,0.0625,0.07142857142857142,0.0625
подвинул,10,0.2,0.25,0.2,0.25,0.2,0.25,0.2,0.25,0.2,0.25,0.2,0.25,0.2,0.25,0.2,0.25,0.2,0.25,0.2,0.25,0.2,0.25,0.2,0.25,0.2,0.25,0.2,0.25
заявление,9,0.3333333333333333,0.5999999999999999,0.3333333333333333,0.5999999999999999,0.3333333333333333,0.5999999999999999,0.3333333333333333,0.5999999999999999,0.3333333333333333,0.5999999999999999,0.3333333333333333,0.5999999999999999,0.3333333333333333,0.5999999999999999,0.3333333333333333,0.5999999999999999,0.3333333333333333,0.5999999999999999,0.3333333333333333,0.5999999999999999,0.3333333333333333,0.5999999999999999,0.3333333333333333,0.5999999999999999,0.3333333333333333,0.5999999999999999,0.3333333333333333,0.5999999999999999
обгорели,3,0.0,0.0,0.0,0.0,0.0,0.0,0.0,0.0,0.0,0.0,0.0,0.0,0.0,0.0,0.0,0.0,0.0,0.0,0.0,0.0,0.0,0.0,0.0,0.0,0.0,0.0,0.0,0.0
прибыльных,9,0.3333333333333333,0.5999999999999999,0.3333333333333333,0.5999999999999999,0.3333333333333333,0.5999999999999999,0.3333333333333333,0.5999999999999999,0.3333333333333333,0.5999999999999999,0.3333333333333333,0.5999999999999999,0.3333333333333333,0.5999999999999999,0.3333333333333333,0.5999999999999999,0.3333333333333333,0.5999999999999999,0.3333333333333333,0.5999999999999999,0.3333333333333333,0.5999999999999999,0.3333333333333333,0.5999999999999999,0.3333333333333333,0.5999999999999999,0.3333333333333333,0.5999999999999999
союзу,17,0.11764705882352941,0.13043478260869562,0.05263157894736842,0.0869565217391304,0.11764705882352941,0.13043478260869562,0.10526315789473684,0.13043478260869562,0.11764705882352941,0.13043478260869562,0.10526315789473684,0.13043478260869562,0.11764705882352941,0.13043478260869562,0.10526315789473684,0.13043478260869562,0.11764705882352941,0.13043478260869562,0.10526315789473684,0.13043478260869562,0.11764705882352941,0.13043478260869562,0.10526315789473684,0.13043478260869562,0.11764705882352941,0.13043478260869562,0.10526315789473684,0.13043478260869562
ремешок,29,0.034482758620689655,0.074074074074074,0.034482758620689655,0.074074074074074,0.10344827586206896,0.3827160493827159,0.10344827586206896,0.3827160493827159,0.13793103448275862,0.4444444444444442,0.13793103448275862,0.4444444444444442,0.13793103448275862,0.4444444444444442,0.13793103448275862,0.4444444444444442,0.13793103448275862,0.4444444444444442,0.13793103448275862,0.4444444444444442,0.13793103448275862,0.4444444444444442,0.13793103448275862,0.4444444444444442,0.13793103448275862,0.4444444444444442,0.13793103448275862,0.4444444444444442
штатив,50,0.1,0.4066666666666665,0.1,0.4066666666666665,0.1,0.4066666666666665,0.1,0.4066666666666665,0.1,0.4066666666666665,0.1,0.4066666666666665,0.1,0.4066666666666665,0.1,0.4066666666666665,0.1,0.4066666666666665,0.1,0.4066666666666665,0.1,0.4066666666666665,0.1,0.4066666666666665,0.1,0.4066666666666665,0.1,0.4066666666666665
омоет,8,0.25,0.4375,0.2222222222222222,0.4375,0.25,0.4375,0.2222222222222222,0.4375,0.25,0.4375,0.2222222222222222,0.4375,0.25,0.4375,0.2222222222222222,0.4375,0.25,0.4375,0.2222222222222222,0.4375,0.25,0.4375,0.2222222222222222,0.4375,0.25,0.4375,0.2222222222222222,0.4375
противник,6,0.16666666666666666,0.0625,0.16666666666666666,0.0625,0.16666666666666666,0.0625,0.16666666666666666,0.0625,0.16666666666666666,0.0625,0.16666666666666666,0.0625,0.16666666666666666,0.0625,0.16666666666666666,0.0625,0.16666666666666666,0.0625,0.16666666666666666,0.0625,0.16666666666666666,0.0625,0.16666666666666666,0.0625,0.16666666666666666,0.0625,0.16666666666666666,0.0625
урчала,42,0.047619047619047616,0.3984375,0.046511627906976744,0.3984375,0.047619047619047616,0.3984375,0.046511627906976744,0.3984375,0.047619047619047616,0.3984375,0.046511627906976744,0.3984375,0.047619047619047616,0.3984375,0.046511627906976744,0.3984375,0.047619047619047616,0.3984375,0.046511627906976744,0.3984375,0.047619047619047616,0.3984375,0.046511627906976744,0.3984375,0.047619047619047616,0.3984375,0.046511627906976744,0.3984375
уйма,12,0.25,0.35,0.25,0.35,0.25,0.35,0.25,0.35,0.25,0.35,0.25,0.35,0.25,0.35,0.25,0.35,0.25,0.35,0.25,0.35,0.25,0.35,0.25,0.35,0.25,0.35,0.25,0.35
орехового,28,0.10714285714285714,0.0958904109589041,0.06896551724137931,0.0684931506849315,0.10714285714285714,0.0958904109589041,0.10344827586206896,0.0958904109589041,0.10714285714285714,0.0958904109589041,0.10344827586206896,0.0958904109589041,0.10714285714285714,0.0958904109589041,0.10344827586206896,0.0958904109589041,0.10714285714285714,0.0958904109589041,0.10344827586206896,0.0958904109589041,0.10714285714285714,0.0958904109589041,0.10344827586206896,0.0958904109589041,0.10714285714285714,0.0958904109589041,0.10344827586206896,0.0958904109589041
заварил,13,0.15384615384615385,0.15000000000000002,0.15384615384615385,0.15000000000000002,0.15384615384615385,0.15000000000000002,0.15384615384615385,0.15000000000000002,0.23076923076923078,0.2,0.23076923076923078,0.2,0.23076923076923078,0.2,0.23076923076923078,0.2,0.23076923076923078,0.2,0.23076923076923078,0.2,0.23076923076923078,0.2,0.23076923076923078,0.2,0.23076923076923078,0.2,0.23076923076923078,0.2
фен,49,0.061224489795918366,0.232,0.058823529411764705,0.224,0.08163265306122448,0.256,0.0784313725490196,0.248,0.08163265306122448,0.256,0.0784313725490196,0.248,0.08163265306122448,0.256,0.0784313725490196,0.248,0.08163265306122448,0.256,0.0784313725490196,0.248,0.08163265306122448,0.256,0.0784313725490196,0.248,0.08163265306122448,0.256,0.0784313725490196,0.248
собака,32,0.0625,0.0576923076923076,0.0625,0.0576923076923076,0.09375,0.0769230769230768,0.0625,0.0576923076923076,0.09375,0.0769230769230768,0.0625,0.0576923076923076,0.125,0.1538461538461537,0.0625,0.0576923076923076,0.1875,0.21153846153846131,0.0625,0.0576923076923076,0.1875,0.21153846153846131,0.0625,0.0576923076923076,0.1875,0.21153846153846131,0.0625,0.0576923076923076
уйти,15,0.13333333333333333,0.3333333333333332,0.125,0.23809523809523803,0.13333333333333333,0.3333333333333332,0.125,0.23809523809523803,0.13333333333333333,0.3333333333333332,0.125,0.23809523809523803,0.13333333333333333,0.3333333333333332,0.125,0.23809523809523803,0.13333333333333333,0.3333333333333332,0.125,0.23809523809523803,0.13333333333333333,0.3333333333333332,0.125,0.23809523809523803,0.13333333333333333,0.3333333333333332,0.125,0.23809523809523803
хмурила,31,0.12903225806451613,0.48684210526315785,0.15151515151515152,0.4868421052631578,0.12903225806451613,0.48684210526315785,0.15151515151515152,0.4868421052631578,0.12903225806451613,0.48684210526315785,0.15151515151515152,0.4868421052631578,0.12903225806451613,0.48684210526315785,0.15151515151515152,0.4868421052631578,0.12903225806451613,0.48684210526315785,0.15151515151515152,0.4868421052631578,0.12903225806451613,0.48684210526315785,0.15151515151515152,0.4868421052631578,0.12903225806451613,0.48684210526315785,0.15151515151515152,0.4868421052631578
микробы,60,0.0,0.0,0.0,0.0,0.0,0.0,0.0,0.0,0.0,0.0,0.0,0.0,0.0,0.0,0.0,0.0,0.016666666666666666,0.0993377483443708,0.0,0.0,0.03333333333333333,0.1059602649006621,0.0,0.0,0.03333333333333333,0.1059602649006621,0.0,0.0
раритетных,7,0.0,0.0,0.0,0.0,0.14285714285714285,0.5333333333333333,0.14285714285714285,0.5333333333333333,0.14285714285714285,0.5333333333333333,0.14285714285714285,0.5333333333333333,0.14285714285714285,0.5333333333333333,0.14285714285714285,0.5333333333333333,0.14285714285714285,0.5333333333333333,0.14285714285714285,0.5333333333333333,0.14285714285714285,0.5333333333333333,0.14285714285714285,0.5333333333333333,0.14285714285714285,0.5333333333333333,0.14285714285714285,0.5333333333333333
страшных,32,0.09375,0.1269841269841268,0.06060606060606061,0.0634920634920634,0.125,0.22222222222222202,0.12121212121212122,0.1904761904761903,0.125,0.22222222222222202,0.12121212121212122,0.1904761904761903,0.125,0.22222222222222202,0.12121212121212122,0.1904761904761903,0.125,0.22222222222222202,0.12121212121212122,0.1904761904761903,0.125,0.22222222222222202,0.12121212121212122,0.1904761904761903,0.125,0.22222222222222202,0.12121212121212122,0.1904761904761903
лестнице,13,0.0,0.0,0.0,0.0,0.07692307692307693,0.0161290322580645,0.0,0.0,0.07692307692307693,0.0161290322580645,0.0,0.0,0.07692307692307693,0.0161290322580645,0.0,0.0,0.07692307692307693,0.0161290322580645,0.0,0.0,0.07692307692307693,0.0161290322580645,0.0,0.0,0.07692307692307693,0.0161290322580645,0.0,0.0
повторили,7,0.2857142857142857,0.4666666666666665,0.25,0.3999999999999999,0.2857142857142857,0.4666666666666665,0.25,0.3999999999999999,0.2857142857142857,0.4666666666666665,0.25,0.3999999999999999,0.2857142857142857,0.4666666666666665,0.25,0.3999999999999999,0.2857142857142857,0.4666666666666665,0.25,0.3999999999999999,0.2857142857142857,0.4666666666666665,0.25,0.3999999999999999,0.2857142857142857,0.4666666666666665,0.25,0.3999999999999999
прежняя,31,0.16129032258064516,0.28712871287128705,0.16129032258064516,0.2871287128712871,0.1935483870967742,0.30693069306930687,0.16129032258064516,0.2871287128712871,0.1935483870967742,0.30693069306930687,0.1935483870967742,0.3069306930693069,0.1935483870967742,0.30693069306930687,0.1935483870967742,0.3069306930693069,0.1935483870967742,0.30693069306930687,0.1935483870967742,0.3069306930693069,0.1935483870967742,0.30693069306930687,0.1935483870967742,0.3069306930693069,0.1935483870967742,0.30693069306930687,0.1935483870967742,0.3069306930693069
юный,26,0.038461538461538464,0.5217391304347826,0.037037037037037035,0.5072463768115942,0.07692307692307693,0.536231884057971,0.037037037037037035,0.5072463768115942,0.11538461538461539,0.5507246376811594,0.037037037037037035,0.5072463768115942,0.11538461538461539,0.5507246376811594,0.037037037037037035,0.5072463768115942,0.15384615384615385,0.5797101449275361,0.037037037037037035,0.5072463768115942,0.15384615384615385,0.5797101449275361,0.037037037037037035,0.5072463768115942,0.15384615384615385,0.5797101449275361,0.037037037037037035,0.5072463768115942
техосмотра,14,0.14285714285714285,0.2352941176470588,0.14285714285714285,0.2352941176470588,0.14285714285714285,0.2352941176470588,0.14285714285714285,0.2352941176470588,0.14285714285714285,0.2352941176470588,0.14285714285714285,0.2352941176470588,0.14285714285714285,0.2352941176470588,0.14285714285714285,0.2352941176470588,0.14285714285714285,0.2352941176470588,0.14285714285714285,0.2352941176470588,0.14285714285714285,0.2352941176470588,0.14285714285714285,0.2352941176470588,0.14285714285714285,0.2352941176470588,0.14285714285714285,0.2352941176470588
получает,9,0.2222222222222222,0.4705882352941176,0.2222222222222222,0.4705882352941176,0.3333333333333333,0.5294117647058822,0.3333333333333333,0.5294117647058822,0.3333333333333333,0.5294117647058822,0.3333333333333333,0.5294117647058822,0.3333333333333333,0.5294117647058822,0.3333333333333333,0.5294117647058822,0.3333333333333333,0.5294117647058822,0.3333333333333333,0.5294117647058822,0.3333333333333333,0.5294117647058822,0.3333333333333333,0.5294117647058822,0.3333333333333333,0.5294117647058822,0.3333333333333333,0.5294117647058822
барса,31,0.06451612903225806,0.1176470588235294,0.02702702702702703,0.0980392156862745,0.06451612903225806,0.1176470588235294,0.02702702702702703,0.0980392156862745,0.06451612903225806,0.1176470588235294,0.02702702702702703,0.0980392156862745,0.06451612903225806,0.1176470588235294,0.02702702702702703,0.0980392156862745,0.0967741935483871,0.1372549019607843,0.02702702702702703,0.0980392156862745,0.0967741935483871,0.1372549019607843,0.02702702702702703,0.0980392156862745,0.0967741935483871,0.1372549019607843,0.02702702702702703,0.0980392156862745
желает,53,0.05660377358490566,0.21014492753623182,0.046153846153846156,0.1956521739130434,0.05660377358490566,0.21014492753623182,0.046153846153846156,0.1956521739130434,0.05660377358490566,0.21014492753623182,0.046153846153846156,0.1956521739130434,0.05660377358490566,0.21014492753623182,0.046153846153846156,0.1956521739130434,0.05660377358490566,0.21014492753623182,0.046153846153846156,0.1956521739130434,0.05660377358490566,0.21014492753623182,0.046153846153846156,0.1956521739130434,0.05660377358490566,0.21014492753623182,0.046153846153846156,0.1956521739130434
лис,38,0.13157894736842105,0.30158730158730146,0.13157894736842105,0.30158730158730146,0.18421052631578946,0.357142857142857,0.18421052631578946,0.357142857142857,0.18421052631578946,0.357142857142857,0.18421052631578946,0.357142857142857,0.18421052631578946,0.357142857142857,0.18421052631578946,0.357142857142857,0.18421052631578946,0.357142857142857,0.18421052631578946,0.357142857142857,0.18421052631578946,0.357142857142857,0.18421052631578946,0.357142857142857,0.18421052631578946,0.357142857142857,0.18421052631578946,0.357142857142857
пригрозили,13,0.07692307692307693,0.0714285714285714,0.07692307692307693,0.0714285714285714,0.07692307692307693,0.0714285714285714,0.07692307692307693,0.0714285714285714,0.07692307692307693,0.0714285714285714,0.07692307692307693,0.0714285714285714,0.07692307692307693,0.0714285714285714,0.07692307692307693,0.0714285714285714,0.07692307692307693,0.0714285714285714,0.07692307692307693,0.0714285714285714,0.07692307692307693,0.0714285714285714,0.07692307692307693,0.0714285714285714,0.07692307692307693,0.0714285714285714,0.07692307692307693,0.0714285714285714
бант,7,0.42857142857142855,0.8095238095238094,0.3333333333333333,0.6666666666666666,0.42857142857142855,0.8095238095238094,0.4444444444444444,0.7619047619047618,0.42857142857142855,0.8095238095238094,0.4444444444444444,0.7619047619047618,0.42857142857142855,0.8095238095238094,0.4444444444444444,0.7619047619047618,0.42857142857142855,0.8095238095238094,0.4444444444444444,0.7619047619047618,0.42857142857142855,0.8095238095238094,0.4444444444444444,0.7619047619047618,0.42857142857142855,0.8095238095238094,0.4444444444444444,0.7619047619047618
сора,33,0.12121212121212122,0.3636363636363635,0.11764705882352941,0.3636363636363635,0.15151515151515152,0.3749999999999998,0.14705882352941177,0.3749999999999998,0.15151515151515152,0.3749999999999998,0.14705882352941177,0.3749999999999998,0.15151515151515152,0.3749999999999998,0.14705882352941177,0.3749999999999998,0.15151515151515152,0.3749999999999998,0.14705882352941177,0.3749999999999998,0.15151515151515152,0.3749999999999998,0.14705882352941177,0.3749999999999998,0.15151515151515152,0.3749999999999998,0.14705882352941177,0.3749999999999998
сонату,32,0.125,0.2499999999999997,0.1111111111111111,0.2307692307692305,0.125,0.2499999999999997,0.1111111111111111,0.2307692307692305,0.125,0.2499999999999997,0.1111111111111111,0.2307692307692305,0.125,0.2499999999999997,0.1388888888888889,0.2499999999999997,0.125,0.2499999999999997,0.1388888888888889,0.2499999999999997,0.125,0.2499999999999997,0.1388888888888889,0.2499999999999997,0.125,0.2499999999999997,0.1388888888888889,0.2499999999999997
мяли,12,0.16666666666666666,0.25,0.07142857142857142,0.0625,0.16666666666666666,0.25,0.07142857142857142,0.0625,0.16666666666666666,0.25,0.07142857142857142,0.0625,0.16666666666666666,0.25,0.07142857142857142,0.0625,0.16666666666666666,0.25,0.07142857142857142,0.0625,0.16666666666666666,0.25,0.07142857142857142,0.0625,0.16666666666666666,0.25,0.07142857142857142,0.0625
шаг,55,0.05454545454545454,0.1538461538461536,0.05084745762711865,0.1538461538461536,0.05454545454545454,0.1538461538461536,0.05084745762711865,0.1538461538461536,0.05454545454545454,0.1538461538461536,0.05084745762711865,0.1538461538461536,0.05454545454545454,0.1538461538461536,0.05084745762711865,0.1538461538461536,0.05454545454545454,0.1538461538461536,0.05084745762711865,0.1538461538461536,0.05454545454545454,0.1538461538461536,0.05084745762711865,0.1538461538461536,0.05454545454545454,0.1538461538461536,0.05084745762711865,0.1538461538461536
рубильник,9,0.2222222222222222,0.3529411764705882,0.2222222222222222,0.3529411764705882,0.2222222222222222,0.3529411764705882,0.2222222222222222,0.3529411764705882,0.2222222222222222,0.3529411764705882,0.2222222222222222,0.3529411764705882,0.2222222222222222,0.3529411764705882,0.2222222222222222,0.3529411764705882,0.2222222222222222,0.3529411764705882,0.2222222222222222,0.3529411764705882,0.2222222222222222,0.3529411764705882,0.2222222222222222,0.3529411764705882,0.2222222222222222,0.3529411764705882,0.2222222222222222,0.3529411764705882
лом,22,0.18181818181818182,0.3225806451612902,0.13636363636363635,0.3064516129032257,0.22727272727272727,0.3387096774193547,0.18181818181818182,0.3225806451612902,0.22727272727272727,0.3387096774193547,0.18181818181818182,0.3225806451612902,0.22727272727272727,0.3387096774193547,0.22727272727272727,0.3387096774193547,0.2727272727272727,0.3548387096774192,0.2727272727272727,0.3548387096774192,0.2727272727272727,0.3548387096774192,0.2727272727272727,0.3548387096774192,0.2727272727272727,0.3548387096774192,0.2727272727272727,0.3548387096774192
русалки,52,0.019230769230769232,0.0843373493975903,0.019230769230769232,0.0843373493975903,0.019230769230769232,0.0843373493975903,0.019230769230769232,0.0843373493975903,0.038461538461538464,0.1927710843373493,0.038461538461538464,0.1927710843373493,0.038461538461538464,0.1927710843373493,0.038461538461538464,0.1927710843373493,0.038461538461538464,0.1927710843373493,0.038461538461538464,0.1927710843373493,0.038461538461538464,0.1927710843373493,0.038461538461538464,0.1927710843373493,0.038461538461538464,0.1927710843373493,0.038461538461538464,0.1927710843373493
злые,29,0.06896551724137931,0.257142857142857,0.0625,0.257142857142857,0.1724137931034483,0.38571428571428534,0.0625,0.257142857142857,0.1724137931034483,0.38571428571428534,0.0625,0.257142857142857,0.1724137931034483,0.38571428571428534,0.0625,0.257142857142857,0.20689655172413793,0.39999999999999947,0.0625,0.257142857142857,0.20689655172413793,0.39999999999999947,0.0625,0.257142857142857,0.20689655172413793,0.39999999999999947,0.0625,0.257142857142857
специалист,13,0.0,0.0,0.0,0.0,0.0,0.0,0.0,0.0,0.0,0.0,0.0,0.0,0.15384615384615385,0.1333333333333332,0.0,0.0,0.15384615384615385,0.1333333333333332,0.0,0.0,0.15384615384615385,0.1333333333333332,0.0,0.0,0.23076923076923078,0.1999999999999998,0.0,0.0
вагоны,11,0.18181818181818182,0.1578947368421052,0.16666666666666666,0.1052631578947368,0.2727272727272727,0.2105263157894736,0.25,0.1578947368421052,0.2727272727272727,0.2105263157894736,0.25,0.1578947368421052,0.2727272727272727,0.2105263157894736,0.25,0.1578947368421052,0.2727272727272727,0.2105263157894736,0.25,0.1578947368421052,0.2727272727272727,0.2105263157894736,0.25,0.1578947368421052,0.2727272727272727,0.2105263157894736,0.25,0.1578947368421052
пополнела,9,0.0,0.0,0.0,0.0,0.1111111111111111,0.125,0.1111111111111111,0.125,0.1111111111111111,0.125,0.1111111111111111,0.125,0.1111111111111111,0.125,0.1111111111111111,0.125,0.1111111111111111,0.125,0.1111111111111111,0.125,0.1111111111111111,0.125,0.1111111111111111,0.125,0.1111111111111111,0.125,0.1111111111111111,0.125
растяжение,11,0.18181818181818182,0.2142857142857142,0.09090909090909091,0.0714285714285714,0.18181818181818182,0.2142857142857142,0.18181818181818182,0.2142857142857142,0.18181818181818182,0.2142857142857142,0.18181818181818182,0.2142857142857142,0.18181818181818182,0.2142857142857142,0.18181818181818182,0.2142857142857142,0.18181818181818182,0.2142857142857142,0.18181818181818182,0.2142857142857142,0.18181818181818182,0.2142857142857142,0.18181818181818182,0.2142857142857142,0.2727272727272727,0.357142857142857,0.18181818181818182,0.2142857142857142
мужу,22,0.13636363636363635,0.28235294117647025,0.06060606060606061,0.1411764705882352,0.13636363636363635,0.28235294117647025,0.09090909090909091,0.17647058823529402,0.13636363636363635,0.28235294117647025,0.09090909090909091,0.17647058823529402,0.13636363636363635,0.28235294117647025,0.09090909090909091,0.17647058823529402,0.13636363636363635,0.28235294117647025,0.09090909090909091,0.17647058823529402,0.13636363636363635,0.28235294117647025,0.09090909090909091,0.17647058823529402,0.13636363636363635,0.28235294117647025,0.09090909090909091,0.17647058823529402
испечь,56,0.0,0.0,0.0,0.0,0.017857142857142856,0.0081967213114754,0.017543859649122806,0.0081967213114754,0.017857142857142856,0.0081967213114754,0.017543859649122806,0.0081967213114754,0.05357142857142857,0.2868852459016392,0.017543859649122806,0.0081967213114754,0.10714285714285714,0.32786885245901615,0.017543859649122806,0.0081967213114754,0.14285714285714285,0.344262295081967,0.017543859649122806,0.0081967213114754,0.16071428571428573,0.3524590163934424,0.017543859649122806,0.0081967213114754
красоты,34,0.08823529411764706,0.1558441558441557,0.08571428571428572,0.1558441558441557,0.11764705882352941,0.2597402597402596,0.11428571428571428,0.2597402597402596,0.11764705882352941,0.2597402597402596,0.11428571428571428,0.2597402597402596,0.11764705882352941,0.2597402597402596,0.11428571428571428,0.2597402597402596,0.11764705882352941,0.2597402597402596,0.11428571428571428,0.2597402597402596,0.11764705882352941,0.2597402597402596,0.11428571428571428,0.2597402597402596,0.11764705882352941,0.2597402597402596,0.11428571428571428,0.2597402597402596
излишества,11,0.0,0.0,0.0,0.0,0.0,0.0,0.0,0.0,0.09090909090909091,0.0714285714285714,0.09090909090909091,0.0714285714285714,0.09090909090909091,0.0714285714285714,0.09090909090909091,0.0714285714285714,0.09090909090909091,0.0714285714285714,0.09090909090909091,0.0714285714285714,0.09090909090909091,0.0714285714285714,0.09090909090909091,0.0714285714285714,0.09090909090909091,0.0714285714285714,0.09090909090909091,0.0714285714285714
врач,18,0.05555555555555555,0.037037037037037,0.05555555555555555,0.037037037037037,0.1111111111111111,0.074074074074074,0.1111111111111111,0.074074074074074,0.1111111111111111,0.074074074074074,0.1111111111111111,0.074074074074074,0.1111111111111111,0.074074074074074,0.1111111111111111,0.074074074074074,0.1111111111111111,0.074074074074074,0.1111111111111111,0.074074074074074,0.1111111111111111,0.074074074074074,0.1111111111111111,0.074074074074074,0.1111111111111111,0.074074074074074,0.1111111111111111,0.074074074074074
неопытным,15,0.0,0.0,0.0,0.0,0.0,0.0,0.0,0.0,0.0,0.0,0.0,0.0,0.0,0.0,0.0,0.0,0.0,0.0,0.0,0.0,0.0,0.0,0.0,0.0,0.0,0.0,0.0,0.0
осы,29,0.13793103448275862,0.5507246376811594,0.13793103448275862,0.5507246376811594,0.1724137931034483,0.5797101449275363,0.1724137931034483,0.5797101449275363,0.20689655172413793,0.5942028985507246,0.20689655172413793,0.5942028985507247,0.20689655172413793,0.5942028985507246,0.20689655172413793,0.5942028985507247,0.20689655172413793,0.5942028985507246,0.20689655172413793,0.5942028985507247,0.20689655172413793,0.5942028985507246,0.20689655172413793,0.5942028985507247,0.20689655172413793,0.5942028985507246,0.20689655172413793,0.5942028985507247
зоркий,9,0.2222222222222222,0.5,0.2222222222222222,0.5,0.2222222222222222,0.5,0.2222222222222222,0.5,0.2222222222222222,0.5,0.2222222222222222,0.5,0.2222222222222222,0.5,0.2222222222222222,0.5,0.2222222222222222,0.5,0.2222222222222222,0.5,0.2222222222222222,0.5,0.2222222222222222,0.5,0.2222222222222222,0.5,0.2222222222222222,0.5
урон,34,0.058823529411764705,0.0392156862745098,0.058823529411764705,0.0392156862745098,0.058823529411764705,0.0392156862745098,0.058823529411764705,0.0392156862745098,0.058823529411764705,0.0392156862745098,0.058823529411764705,0.0392156862745098,0.058823529411764705,0.0392156862745098,0.058823529411764705,0.0392156862745098,0.058823529411764705,0.0392156862745098,0.058823529411764705,0.0392156862745098,0.058823529411764705,0.0392156862745098,0.058823529411764705,0.0392156862745098,0.058823529411764705,0.0392156862745098,0.058823529411764705,0.0392156862745098
даст,13,0.07692307692307693,0.2857142857142857,0.07142857142857142,0.2857142857142857,0.07692307692307693,0.2857142857142857,0.07142857142857142,0.2857142857142857,0.07692307692307693,0.2857142857142857,0.07142857142857142,0.2857142857142857,0.07692307692307693,0.2857142857142857,0.07142857142857142,0.2857142857142857,0.07692307692307693,0.2857142857142857,0.07142857142857142,0.2857142857142857,0.07692307692307693,0.2857142857142857,0.07142857142857142,0.2857142857142857,0.07692307692307693,0.2857142857142857,0.07142857142857142,0.2857142857142857
ножа,42,0.047619047619047616,0.37681159420289845,0.023255813953488372,0.3623188405797101,0.047619047619047616,0.37681159420289845,0.023255813953488372,0.3623188405797101,0.07142857142857142,0.39130434782608686,0.046511627906976744,0.3768115942028985,0.07142857142857142,0.39130434782608686,0.046511627906976744,0.3768115942028985,0.07142857142857142,0.39130434782608686,0.046511627906976744,0.3768115942028985,0.07142857142857142,0.39130434782608686,0.046511627906976744,0.3768115942028985,0.07142857142857142,0.39130434782608686,0.046511627906976744,0.3768115942028985
жирность,41,0.024390243902439025,0.0857142857142856,0.023809523809523808,0.0285714285714285,0.024390243902439025,0.0857142857142856,0.047619047619047616,0.0857142857142856,0.024390243902439025,0.0857142857142856,0.047619047619047616,0.0857142857142856,0.024390243902439025,0.0857142857142856,0.047619047619047616,0.0857142857142856,0.024390243902439025,0.0857142857142856,0.047619047619047616,0.0857142857142856,0.024390243902439025,0.0857142857142856,0.047619047619047616,0.0857142857142856,0.024390243902439025,0.0857142857142856,0.047619047619047616,0.0857142857142856
подруга,46,0.06521739130434782,0.1097560975609755,0.0784313725490196,0.1097560975609755,0.06521739130434782,0.1097560975609755,0.0784313725490196,0.1097560975609755,0.06521739130434782,0.1097560975609755,0.0784313725490196,0.1097560975609755,0.06521739130434782,0.1097560975609755,0.0784313725490196,0.1097560975609755,0.06521739130434782,0.1097560975609755,0.0784313725490196,0.1097560975609755,0.06521739130434782,0.1097560975609755,0.0784313725490196,0.1097560975609755,0.06521739130434782,0.1097560975609755,0.0784313725490196,0.1097560975609755
трепало,38,0.07894736842105263,0.0789473684210526,0.0,0.0,0.07894736842105263,0.0789473684210526,0.024390243902439025,0.0526315789473684,0.10526315789473684,0.0921052631578947,0.024390243902439025,0.0526315789473684,0.15789473684210525,0.17105263157894726,0.024390243902439025,0.0526315789473684,0.21052631578947367,0.24999999999999983,0.07317073170731707,0.18421052631578938,0.21052631578947367,0.24999999999999983,0.12195121951219512,0.2105263157894736,0.21052631578947367,0.24999999999999983,0.12195121951219512,0.2105263157894736
установить,13,0.07692307692307693,0.1333333333333333,0.07692307692307693,0.1333333333333333,0.07692307692307693,0.1333333333333333,0.07692307692307693,0.1333333333333333,0.07692307692307693,0.1333333333333333,0.07692307692307693,0.1333333333333333,0.07692307692307693,0.1333333333333333,0.07692307692307693,0.1333333333333333,0.07692307692307693,0.1333333333333333,0.07692307692307693,0.1333333333333333,0.07692307692307693,0.1333333333333333,0.07692307692307693,0.1333333333333333,0.07692307692307693,0.1333333333333333,0.07692307692307693,0.1333333333333333
бросить,38,0.07894736842105263,0.1384615384615382,0.07692307692307693,0.1230769230769229,0.07894736842105263,0.1384615384615382,0.07692307692307693,0.1230769230769229,0.10526315789473684,0.1538461538461535,0.10256410256410256,0.1384615384615382,0.13157894736842105,0.1692307692307688,0.10256410256410256,0.1384615384615382,0.21052631578947367,0.23076923076923012,0.1282051282051282,0.1538461538461535,0.2631578947368421,0.2615384615384607,0.15384615384615385,0.1692307692307688,0.2631578947368421,0.2615384615384607,0.15384615384615385,0.1692307692307688
узнал,35,0.11428571428571428,0.3362068965517239,0.10810810810810811,0.3275862068965515,0.11428571428571428,0.3362068965517239,0.10810810810810811,0.3275862068965515,0.17142857142857143,0.4396551724137928,0.16216216216216217,0.4310344827586204,0.2,0.46551724137931005,0.16216216216216217,0.4310344827586204,0.2,0.46551724137931005,0.1891891891891892,0.4568965517241376,0.22857142857142856,0.47413793103448243,0.1891891891891892,0.4568965517241376,0.22857142857142856,0.47413793103448243,0.1891891891891892,0.4568965517241376
