word_id,p_target_human,p_target_model,target_quartile,overlap_at_5,overlap_at_10,overlap_at_20,overlap_at_50,overlap_at_100,weighted_overlap_at_5,weighted_overlap_at_10,weighted_overlap_at_20,weighted_overlap_at_50,weighted_overlap_at_100
атмосфера,0.0,0.0,Q1,0.2,0.3,0.3,0.3,0.3,0.4375,0.5625,0.5625,0.5625,0.5625
атрибутику,0.0,0.0,Q1,0.0,0.0,0.0,0.0,0.0,0.0,0.0,0.0,0.0,0.0
бампера,0.0,0.0,Q1,0.14285714285714285,0.2857142857142857,0.2857142857142857,0.2857142857142857,0.2857142857142857,0.625,0.6875,0.6875,0.6875,0.6875
банке,0.8333333333333334,0.9972909050654754,Q4,0.2,0.2,0.2,0.2,0.2,0.8333333333333334,0.8333333333333334,0.8333333333333334,0.8333333333333334,0.8333333333333334
бант,0.0,0.0,Q1,0.42857142857142855,0.42857142857142855,0.42857142857142855,0.42857142857142855,0.42857142857142855,0.8095238095238094,0.8095238095238094,0.8095238095238094,0.8095238095238094,0.8095238095238094
баранины,0.0,0.0,Q1,0.2,0.2,0.2,0.2,0.2,0.8,0.8,0.8,0.8,0.8
барса,0.0,0.0,Q1,0.06451612903225806,0.06451612903225806,0.06451612903225806,0.0967741935483871,0.0967741935483871,0.1176470588235294,0.1176470588235294,0.1176470588235294,0.1372549019607843,0.1372549019607843
бездетным,0.0,0.0,Q1,0.2857142857142857,0.2857142857142857,0.2857142857142857,0.2857142857142857,0.2857142857142857,0.7222222222222222,0.7222222222222222,0.7222222222222222,0.7222222222222222,0.7222222222222222
бросить,0.0,0.0,Q1,0.07894736842105263,0.07894736842105263,0.13157894736842105,0.21052631578947367,0.2631578947368421,0.1384615384615382,0.1384615384615382,0.1692307692307688,0.23076923076923012,0.26153846153846066
вагоны,0.3157894736842105,0.0,Q4,0.18181818181818182,0.2727272727272727,0.2727272727272727,0.2727272727272727,0.2727272727272727,0.1578947368421052,0.2105263157894736,0.2105263157894736,0.2105263157894736,0.2105263157894736
вить,0.3125,0.0,Q4,0.2222222222222222,0.2222222222222222,0.2222222222222222,0.2222222222222222,0.2222222222222222,0.25,0.25,0.25,0.25,0.25
вол,0.0,0.0,Q1,0.14814814814814814,0.18518518518518517,0.2222222222222222,0.2222222222222222,0.2222222222222222,0.7350427350427349,0.7435897435897434,0.7521367521367519,0.7521367521367519,0.7521367521367519
врач,0.0,0.0,Q1,0.05555555555555555,0.1111111111111111,0.1111111111111111,0.1111111111111111,0.1111111111111111,0.037037037037037,0.074074074074074,0.074074074074074,0.074074074074074,0.074074074074074
всей,0.1666666666666666,0.0,Q4,0.1111111111111111,0.1111111111111111,0.1111111111111111,0.16666666666666666,0.16666666666666666,0.5277777777777777,0.5277777777777777,0.5277777777777777,0.5416666666666665,0.5416666666666665
входить,0.0,0.00325260229178408,Q1,0.23076923076923078,0.23076923076923078,0.23076923076923078,0.23076923076923078,0.23076923076923078,0.7419354838709676,0.7419354838709676,0.7419354838709676,0.7419354838709676,0.7419354838709676
даст,0.0476190476190476,0.0,Q3,0.07692307692307693,0.07692307692307693,0.07692307692307693,0.07692307692307693,0.07692307692307693,0.2857142857142857,0.2857142857142857,0.2857142857142857,0.2857142857142857,0.2857142857142857
дом,0.9113924050632912,0.7665600588100571,Q4,0.25,0.375,0.375,0.375,0.375,0.9240506329113924,0.9367088607594937,0.9367088607594937,0.9367088607594937,0.9367088607594937
едкой,0.0,0.0,Q1,0.25,0.25,0.25,0.25,0.25,0.5625,0.5625,0.5625,0.5625,0.5625
есть,0.1904761904761904,0.1714869538739241,Q4,0.14285714285714285,0.14285714285714285,0.14285714285714285,0.14285714285714285,0.14285714285714285,0.23809523809523803,0.23809523809523803,0.23809523809523803,0.23809523809523803,0.23809523809523803
желает,0.0,0.0,Q1,0.05660377358490566,0.05660377358490566,0.05660377358490566,0.05660377358490566,0.05660377358490566,0.21014492753623182,0.21014492753623182,0.21014492753623182,0.21014492753623182,0.21014492753623182
жирность,0.0,0.0,Q1,0.024390243902439025,0.024390243902439025,0.024390243902439025,0.024390243902439025,0.024390243902439025,0.0857142857142856,0.0857142857142856,0.0857142857142856,0.0857142857142856,0.0857142857142856
жить,0.0,0.0,Q1,0.6,0.6,0.6,0.6,0.6,0.9047619047619047,0.9047619047619047,0.9047619047619047,0.9047619047619047,0.9047619047619047
журчание,0.0,0.0,Q1,0.14285714285714285,0.14285714285714285,0.14285714285714285,0.14285714285714285,0.14285714285714285,0.1666666666666666,0.1666666666666666,0.1666666666666666,0.1666666666666666,0.1666666666666666
заварил,0.0,0.0,Q1,0.15384615384615385,0.15384615384615385,0.23076923076923078,0.23076923076923078,0.23076923076923078,0.15000000000000002,0.15000000000000002,0.2,0.2,0.2
заставить,0.2666666666666666,0.4386475332037065,Q4,0.2,0.3,0.3,0.3,0.3,0.3999999999999999,0.4666666666666665,0.4666666666666665,0.4666666666666665,0.4666666666666665
заявление,0.3333333333333333,0.0631433827831416,Q4,0.3333333333333333,0.3333333333333333,0.3333333333333333,0.3333333333333333,0.3333333333333333,0.5999999999999999,0.5999999999999999,0.5999999999999999,0.5999999999999999,0.5999999999999999
злило,0.0,0.0,Q1,0.4166666666666667,0.4166666666666667,0.4166666666666667,0.4166666666666667,0.4166666666666667,0.5625,0.5625,0.5625,0.5625,0.5625
злые,0.0,0.0,Q1,0.06896551724137931,0.1724137931034483,0.1724137931034483,0.20689655172413793,0.20689655172413793,0.257142857142857,0.38571428571428534,0.38571428571428534,0.39999999999999947,0.39999999999999947
зоркий,0.0,0.0,Q1,0.2222222222222222,0.2222222222222222,0.2222222222222222,0.2222222222222222,0.2222222222222222,0.5,0.5,0.5,0.5,0.5
излишества,0.0,0.0,Q1,0.0,0.0,0.09090909090909091,0.09090909090909091,0.09090909090909091,0.0,0.0,0.0714285714285714,0.0714285714285714,0.0714285714285714
иной,0.0144927536231884,0.0,Q3,0.16666666666666666,0.20833333333333334,0.20833333333333334,0.20833333333333334,0.20833333333333334,0.4057971014492753,0.4202898550724637,0.4202898550724637,0.4202898550724637,0.4202898550724637
испечь,0.0,0.0,Q1,0.0,0.017857142857142856,0.05357142857142857,0.10714285714285714,0.14285714285714285,0.0,0.0081967213114754,0.28688524590163916,0.32786885245901615,0.344262295081967
количество,1.0,0.9937407360414755,Q4,1.0,1.0,1.0,1.0,1.0,1.0,1.0,1.0,1.0,1.0
командиру,0.0,0.0,Q1,0.125,0.25,0.375,0.375,0.375,0.3157894736842105,0.6842105263157894,0.7368421052631579,0.7368421052631579,0.7368421052631579
кораблей,0.8840579710144928,0.625670644149082,Q4,0.3333333333333333,0.3333333333333333,0.3333333333333333,0.3333333333333333,0.3333333333333333,0.9130434782608696,0.9130434782608696,0.9130434782608696,0.9130434782608696,0.9130434782608696
который,0.4395604395604392,0.0582590721562769,Q4,0.3125,0.3125,0.3125,0.3125,0.3125,0.8021978021978016,0.8021978021978016,0.8021978021978016,0.8021978021978016,0.8021978021978016
красоты,0.0,0.0,Q1,0.08823529411764706,0.11764705882352941,0.11764705882352941,0.11764705882352941,0.11764705882352941,0.1558441558441557,0.2597402597402596,0.2597402597402596,0.2597402597402596,0.2597402597402596
крен,0.0192307692307692,0.0,Q3,0.0,0.0,0.0,0.0,0.0,0.0,0.0,0.0,0.0,0.0
крупу,0.3125,0.524153544069485,Q4,0.6666666666666666,0.6666666666666666,0.6666666666666666,0.6666666666666666,0.6666666666666666,0.9375,0.9375,0.9375,0.9375,0.9375
крыши,0.15,0.0,Q4,0.0625,0.0625,0.0625,0.125,0.125,0.1,0.1,0.1,0.15000000000000002,0.15000000000000002
купон,0.0,0.0,Q1,0.42857142857142855,0.42857142857142855,0.42857142857142855,0.42857142857142855,0.42857142857142855,0.75,0.75,0.75,0.75,0.75
лед,0.0,0.0,Q1,0.06557377049180328,0.06557377049180328,0.06557377049180328,0.06557377049180328,0.06557377049180328,0.3188405797101449,0.3188405797101449,0.3188405797101449,0.3188405797101449,0.3188405797101449
лес,0.7586206896551724,0.8960099990570877,Q4,0.1111111111111111,0.1111111111111111,0.1111111111111111,0.1111111111111111,0.1111111111111111,0.7701149425287356,0.7701149425287356,0.7701149425287356,0.7701149425287356,0.7701149425287356
лестнице,0.0,0.0,Q1,0.0,0.07692307692307693,0.07692307692307693,0.07692307692307693,0.07692307692307693,0.0,0.0161290322580645,0.0161290322580645,0.0161290322580645,0.0161290322580645
летела,0.18939393939393928,0.0,Q4,0.021739130434782608,0.021739130434782608,0.08695652173913043,0.13043478260869565,0.13043478260869565,0.0606060606060605,0.0606060606060605,0.1439393939393936,0.27272727272727215,0.27272727272727215
летом,0.0,0.0,Q1,0.18181818181818182,0.18181818181818182,0.18181818181818182,0.18181818181818182,0.18181818181818182,0.608695652173913,0.608695652173913,0.608695652173913,0.608695652173913,0.608695652173913
лис,0.0,0.0,Q1,0.13157894736842105,0.18421052631578946,0.18421052631578946,0.18421052631578946,0.18421052631578946,0.3015873015873014,0.35714285714285693,0.35714285714285693,0.35714285714285693,0.35714285714285693
лом,0.0161290322580645,0.0388480593294056,Q3,0.18181818181818182,0.22727272727272727,0.22727272727272727,0.2727272727272727,0.2727272727272727,0.3225806451612902,0.3387096774193547,0.3387096774193547,0.3548387096774192,0.3548387096774192
лопоухая,0.0,0.0,Q1,0.07894736842105263,0.10526315789473684,0.10526315789473684,0.10526315789473684,0.10526315789473684,0.056338028169014,0.084507042253521,0.084507042253521,0.084507042253521,0.084507042253521
мазь,0.8421052631578947,0.9737849294583797,Q4,0.25,0.25,0.25,0.25,0.25,0.8421052631578947,0.8421052631578947,0.8421052631578947,0.8421052631578947,0.8421052631578947
микробы,0.0,0.0,Q1,0.0,0.0,0.0,0.016666666666666666,0.03333333333333333,0.0,0.0,0.0,0.0993377483443708,0.1059602649006621
миссионеры,0.0,0.0,Q1,0.0,0.0,0.0,0.0,0.0,0.0,0.0,0.0,0.0,0.0
молоко,0.0,0.0,Q1,0.14285714285714285,0.14285714285714285,0.14285714285714285,0.14285714285714285,0.14285714285714285,0.1578947368421052,0.1578947368421052,0.1578947368421052,0.1578947368421052,0.1578947368421052
мопед,0.0,0.0,Q1,0.125,0.125,0.125,0.125,0.125,0.375,0.375,0.375,0.375,0.375
мужу,0.0,0.0,Q1,0.13636363636363635,0.13636363636363635,0.13636363636363635,0.13636363636363635,0.13636363636363635,0.28235294117647025,0.28235294117647025,0.28235294117647025,0.28235294117647025,0.28235294117647025
мяли,0.0,0.0,Q1,0.16666666666666666,0.16666666666666666,0.16666666666666666,0.16666666666666666,0.16666666666666666,0.25,0.25,0.25,0.25,0.25
называют,0.0,0.0,Q2,0.2,0.2,0.2,0.2,0.2,0.5882352941176471,0.5882352941176471,0.5882352941176471,0.5882352941176471,0.5882352941176471
напряжение,0.2,0.3792472708873959,Q4,0.14285714285714285,0.42857142857142855,0.42857142857142855,0.42857142857142855,0.42857142857142855,0.2,0.3999999999999999,0.3999999999999999,0.3999999999999999,0.3999999999999999
неопытным,0.0,0.0,Q2,0.0,0.0,0.0,0.0,0.0,0.0,0.0,0.0,0.0,0.0
несчастные,0.0,0.0,Q2,0.5,0.75,0.75,0.75,0.75,0.5333333333333332,0.7999999999999998,0.7999999999999998,0.7999999999999998,0.7999999999999998
неявное,0.0,0.0,Q2,0.0625,0.08333333333333333,0.08333333333333333,0.08333333333333333,0.08333333333333333,0.158878504672897,0.1682242990654203,0.1682242990654203,0.1682242990654203,0.1682242990654203
новой,0.0,0.0,Q2,0.16666666666666666,0.25,0.25,0.25,0.25,0.4285714285714284,0.5238095238095236,0.5238095238095236,0.5238095238095236,0.5238095238095236
ноев,0.0,0.0,Q2,0.11363636363636363,0.13636363636363635,0.13636363636363635,0.13636363636363635,0.13636363636363635,0.18032786885245883,0.2622950819672128,0.2622950819672128,0.2622950819672128,0.2622950819672128
ножа,0.1014492753623188,0.0,Q4,0.047619047619047616,0.047619047619047616,0.07142857142857142,0.07142857142857142,0.07142857142857142,0.37681159420289845,0.37681159420289845,0.39130434782608686,0.39130434782608686,0.39130434782608686
нюх,0.031578947368421,0.0,Q3,0.12,0.2,0.2,0.2,0.2,0.2421052631578946,0.3684210526315787,0.3684210526315787,0.3684210526315787,0.3684210526315787
обгорели,0.0,0.0,Q2,0.0,0.0,0.0,0.0,0.0,0.0,0.0,0.0,0.0,0.0
обнаружена,0.0,0.0,Q2,0.11764705882352941,0.17647058823529413,0.17647058823529413,0.17647058823529413,0.17647058823529413,0.6923076923076923,0.7115384615384615,0.7115384615384615,0.7115384615384615,0.7115384615384615
обстановка,0.1333333333333333,0.1502798753818162,Q4,0.75,0.75,0.75,0.75,0.75,0.9333333333333331,0.9333333333333331,0.9333333333333331,0.9333333333333331,0.9333333333333331
обществе,0.0588235294117647,0.04622708336544456,Q3,0.6666666666666666,0.6666666666666666,0.6666666666666666,0.6666666666666666,0.6666666666666666,0.9411764705882353,0.9411764705882353,0.9411764705882353,0.9411764705882353,0.9411764705882353
одинаковые,0.0,0.0,Q2,0.125,0.25,0.25,0.25,0.25,0.3333333333333333,0.4666666666666666,0.4666666666666666,0.4666666666666666,0.4666666666666666
омоет,0.0,0.0,Q2,0.25,0.25,0.25,0.25,0.25,0.4375,0.4375,0.4375,0.4375,0.4375
орехового,0.0,0.0,Q2,0.10714285714285714,0.10714285714285714,0.10714285714285714,0.10714285714285714,0.10714285714285714,0.0958904109589041,0.0958904109589041,0.0958904109589041,0.0958904109589041,0.0958904109589041
осы,0.0,0.0,Q2,0.13793103448275862,0.1724137931034483,0.20689655172413793,0.20689655172413793,0.20689655172413793,0.5507246376811594,0.5797101449275363,0.5942028985507246,0.5942028985507246,0.5942028985507246
отдельная,0.0,0.0,Q2,0.15384615384615385,0.15384615384615385,0.15384615384615385,0.15384615384615385,0.15384615384615385,0.125,0.125,0.125,0.125,0.125
открытая,0.0,0.0,Q2,0.2857142857142857,0.42857142857142855,0.5714285714285714,0.5714285714285714,0.5714285714285714,0.8571428571428571,0.9047619047619047,0.9523809523809522,0.9523809523809522,0.9523809523809522
пахучим,0.0,0.0,Q2,0.36363636363636365,0.5454545454545454,0.5454545454545454,0.5454545454545454,0.5454545454545454,0.4505494505494504,0.9450549450549449,0.9450549450549449,0.9450549450549449,0.9450549450549449
пластмассы,0.0714285714285714,0.0,Q3,0.25,0.25,0.25,0.25,0.25,0.5714285714285713,0.5714285714285713,0.5714285714285713,0.5714285714285713,0.5714285714285713
повторили,0.0,0.0,Q2,0.2857142857142857,0.2857142857142857,0.2857142857142857,0.2857142857142857,0.2857142857142857,0.4666666666666665,0.4666666666666665,0.4666666666666665,0.4666666666666665,0.4666666666666665
подвинул,0.0,0.0,Q2,0.2,0.2,0.2,0.2,0.2,0.25,0.25,0.25,0.25,0.25
подруга,0.0365853658536585,0.018976684650515573,Q3,0.06521739130434782,0.06521739130434782,0.06521739130434782,0.06521739130434782,0.06521739130434782,0.1097560975609755,0.1097560975609755,0.1097560975609755,0.1097560975609755,0.1097560975609755
покрывало,0.2941176470588235,2.8710524373845365e-06,Q4,0.42857142857142855,0.42857142857142855,0.42857142857142855,0.5714285714285714,0.5714285714285714,0.7647058823529411,0.7647058823529411,0.7647058823529411,0.8235294117647058,0.8235294117647058
полный,0.0,0.1806014288205767,Q2,0.15384615384615385,0.15384615384615385,0.15384615384615385,0.15384615384615385,0.15384615384615385,0.4210526315789473,0.4210526315789473,0.4210526315789473,0.4210526315789473,0.4210526315789473
получает,0.0,0.0,Q2,0.2222222222222222,0.3333333333333333,0.3333333333333333,0.3333333333333333,0.3333333333333333,0.4705882352941176,0.5294117647058822,0.5294117647058822,0.5294117647058822,0.5294117647058822
пополнела,0.0625,0.0,Q3,0.0,0.1111111111111111,0.1111111111111111,0.1111111111111111,0.1111111111111111,0.0,0.125,0.125,0.125,0.125
прежняя,0.0,0.0,Q2,0.16129032258064516,0.1935483870967742,0.1935483870967742,0.1935483870967742,0.1935483870967742,0.2871287128712871,0.3069306930693069,0.3069306930693069,0.3069306930693069,0.3069306930693069
прибыльных,0.2666666666666666,0.07520319339196764,Q4,0.3333333333333333,0.3333333333333333,0.3333333333333333,0.3333333333333333,0.3333333333333333,0.5999999999999999,0.5999999999999999,0.5999999999999999,0.5999999999999999,0.5999999999999999
пригрозили,0.0,0.0,Q2,0.07692307692307693,0.07692307692307693,0.07692307692307693,0.07692307692307693,0.07692307692307693,0.0714285714285714,0.0714285714285714,0.0714285714285714,0.0714285714285714,0.0714285714285714
противник,0.0,0.0,Q2,0.16666666666666666,0.16666666666666666,0.16666666666666666,0.16666666666666666,0.16666666666666666,0.0625,0.0625,0.0625,0.0625,0.0625
раритетных,0.0,0.0,Q2,0.0,0.14285714285714285,0.14285714285714285,0.14285714285714285,0.14285714285714285,0.0,0.5333333333333333,0.5333333333333333,0.5333333333333333,0.5333333333333333
растяжение,0.0,0.0,Q2,0.18181818181818182,0.18181818181818182,0.18181818181818182,0.18181818181818182,0.18181818181818182,0.2142857142857142,0.2142857142857142,0.2142857142857142,0.2142857142857142,0.2142857142857142
расходу,0.0,0.0,Q2,0.1111111111111111,0.1111111111111111,0.1111111111111111,0.1111111111111111,0.1111111111111111,0.4492753623188405,0.4492753623188405,0.4492753623188405,0.4492753623188405,0.4492753623188405
реки,0.6212121212121212,0.2627698870549765,Q4,0.2857142857142857,0.2857142857142857,0.2857142857142857,0.2857142857142857,0.2857142857142857,0.818181818181818,0.818181818181818,0.818181818181818,0.818181818181818,0.818181818181818
ремешок,0.0123456790123456,0.0,Q3,0.034482758620689655,0.10344827586206896,0.13793103448275862,0.13793103448275862,0.13793103448275862,0.074074074074074,0.3827160493827159,0.4444444444444442,0.4444444444444442,0.4444444444444442
розетки,0.0,0.0,Q2,0.07692307692307693,0.10256410256410256,0.10256410256410256,0.10256410256410256,0.10256410256410256,0.2025316455696201,0.3037974683544302,0.3037974683544302,0.3037974683544302,0.3037974683544302
росли,0.2631578947368421,0.3865288933325262,Q4,0.06666666666666667,0.2,0.2,0.26666666666666666,0.26666666666666666,0.2631578947368421,0.3684210526315789,0.3684210526315789,0.42105263157894735,0.42105263157894735
рот,0.2232142857142857,0.4908337516665909,Q4,0.11428571428571428,0.11428571428571428,0.11428571428571428,0.11428571428571428,0.11428571428571428,0.294642857142857,0.294642857142857,0.294642857142857,0.294642857142857,0.294642857142857
рубильник,0.0,0.0,Q2,0.2222222222222222,0.2222222222222222,0.2222222222222222,0.2222222222222222,0.2222222222222222,0.3529411764705882,0.3529411764705882,0.3529411764705882,0.3529411764705882,0.3529411764705882
русалки,0.0,0.0,Q2,0.019230769230769232,0.019230769230769232,0.038461538461538464,0.038461538461538464,0.038461538461538464,0.0843373493975903,0.0843373493975903,0.1927710843373493,0.1927710843373493,0.1927710843373493
рыбу,0.7794117647058822,0.2189182262976574,Q4,0.07692307692307693,0.15384615384615385,0.15384615384615385,0.15384615384615385,0.15384615384615385,0.7794117647058822,0.8088235294117645,0.8088235294117645,0.8088235294117645,0.8088235294117645
рыть,0.0,0.0,Q2,0.07142857142857142,0.07142857142857142,0.07142857142857142,0.07142857142857142,0.07142857142857142,0.0625,0.0625,0.0625,0.0625,0.0625
сгущенки,0.0,0.0,Q2,0.1111111111111111,0.16666666666666666,0.16666666666666666,0.16666666666666666,0.16666666666666666,0.2083333333333332,0.2499999999999998,0.2499999999999998,0.2499999999999998,0.2499999999999998
семья,0.1052631578947368,0.1455729231542185,Q4,0.3,0.3,0.3,0.3,0.3,0.4736842105263157,0.4736842105263157,0.4736842105263157,0.4736842105263157,0.4736842105263157
сечь,0.0,0.0,Q2,0.08333333333333333,0.08333333333333333,0.08333333333333333,0.08333333333333333,0.08333333333333333,0.1875,0.1875,0.1875,0.1875,0.1875
снег,0.4146341463414634,0.5910274276693689,Q4,0.18181818181818182,0.18181818181818182,0.18181818181818182,0.18181818181818182,0.18181818181818182,0.5121951219512194,0.5121951219512194,0.5121951219512194,0.5121951219512194,0.5121951219512194
собака,0.0769230769230769,6.529403443614419e-05,Q4,0.0625,0.09375,0.125,0.1875,0.1875,0.0576923076923076,0.0769230769230768,0.1538461538461537,0.2115384615384613,0.2115384615384613
сонату,0.0,0.0,Q2,0.125,0.125,0.125,0.125,0.125,0.24999999999999972,0.24999999999999972,0.24999999999999972,0.24999999999999972,0.24999999999999972
сора,0.0113636363636363,0.0,Q3,0.12121212121212122,0.15151515151515152,0.15151515151515152,0.15151515151515152,0.15151515151515152,0.3636363636363635,0.3749999999999998,0.3749999999999998,0.3749999999999998,0.3749999999999998
соринку,0.0113636363636363,0.0,Q3,0.3,0.3,0.3,0.3,0.3,0.7727272727272725,0.7727272727272725,0.7727272727272725,0.7727272727272725,0.7727272727272725
союзу,0.0,0.0,Q2,0.11764705882352941,0.11764705882352941,0.11764705882352941,0.11764705882352941,0.11764705882352941,0.13043478260869562,0.13043478260869562,0.13043478260869562,0.13043478260869562,0.13043478260869562
спать,0.0526315789473684,0.10894769842364822,Q3,0.3076923076923077,0.3076923076923077,0.3076923076923077,0.3076923076923077,0.3076923076923077,0.4736842105263156,0.4736842105263156,0.4736842105263156,0.4736842105263156,0.4736842105263156
специалист,0.0,0.0,Q2,0.0,0.0,0.15384615384615385,0.15384615384615385,0.15384615384615385,0.0,0.0,0.1333333333333332,0.1333333333333332,0.1333333333333332
спокойный,0.0,0.0,Q2,0.3,0.3,0.3,0.3,0.3,0.4117647058823529,0.4117647058823529,0.4117647058823529,0.4117647058823529,0.4117647058823529
стога,0.0,0.0,Q2,0.06666666666666667,0.2,0.2,0.2,0.2,0.1666666666666666,0.27777777777777757,0.27777777777777757,0.27777777777777757,0.27777777777777757
стоимостью,0.0,0.0,Q3,0.6666666666666666,0.6666666666666666,0.6666666666666666,0.6666666666666666,0.6666666666666666,0.9375,0.9375,0.9375,0.9375,0.9375
страницы,0.6842105263157895,0.9382265712971459,Q4,0.4,0.6,0.6,0.6,0.6,0.7894736842105263,0.894736842105263,0.894736842105263,0.894736842105263,0.894736842105263
страшных,0.0158730158730158,0.0,Q3,0.09375,0.125,0.125,0.125,0.125,0.1269841269841268,0.22222222222222202,0.22222222222222202,0.22222222222222202,0.22222222222222202
сук,0.0125,0.0,Q3,0.4166666666666667,0.4166666666666667,0.4166666666666667,0.4166666666666667,0.4166666666666667,0.8625,0.8625,0.8625,0.8625,0.8625
сытные,0.0,0.0,Q3,0.3,0.3,0.3,0.3,0.3,0.5625,0.5625,0.5625,0.5625,0.5625
талый,0.0,0.0,Q3,0.5,0.625,0.625,0.625,0.625,0.5625,0.6875,0.6875,0.6875,0.6875
телефон,0.953846153846154,0.97449754174383,Q4,0.3333333333333333,0.6666666666666666,0.6666666666666666,0.6666666666666666,0.6666666666666666,0.953846153846154,0.9846153846153847,0.9846153846153847,0.9846153846153847,0.9846153846153847
техосмотра,0.0,0.0,Q3,0.14285714285714285,0.14285714285714285,0.14285714285714285,0.14285714285714285,0.14285714285714285,0.2352941176470588,0.2352941176470588,0.2352941176470588,0.2352941176470588,0.2352941176470588
тонким,0.0,0.0,Q3,0.3,0.3,0.3,0.3,0.3,0.5263157894736841,0.5263157894736841,0.5263157894736841,0.5263157894736841,0.5263157894736841
трепало,0.0131578947368421,0.014827734604333086,Q3,0.07894736842105263,0.07894736842105263,0.15789473684210525,0.21052631578947367,0.21052631578947367,0.0789473684210526,0.0789473684210526,0.1710526315789473,0.24999999999999986,0.24999999999999986
углу,0.0,0.0,Q3,0.11764705882352941,0.11764705882352941,0.11764705882352941,0.11764705882352941,0.11764705882352941,0.2121212121212121,0.2121212121212121,0.2121212121212121,0.2121212121212121,0.2121212121212121
узкой,0.0,0.0,Q3,0.14285714285714285,0.21428571428571427,0.21428571428571427,0.21428571428571427,0.21428571428571427,0.3333333333333332,0.3809523809523808,0.3809523809523808,0.3809523809523808,0.3809523809523808
узнал,0.1724137931034483,0.0,Q4,0.11428571428571428,0.11428571428571428,0.2,0.2,0.22857142857142856,0.3362068965517239,0.3362068965517239,0.46551724137931,0.46551724137931,0.4741379310344824
уйма,0.0,0.0,Q3,0.25,0.25,0.25,0.25,0.25,0.35,0.35,0.35,0.35,0.35
уйти,0.0,0.0,Q3,0.13333333333333333,0.13333333333333333,0.13333333333333333,0.13333333333333333,0.13333333333333333,0.3333333333333332,0.3333333333333332,0.3333333333333332,0.3333333333333332,0.3333333333333332
урон,0.0,0.0,Q3,0.058823529411764705,0.058823529411764705,0.058823529411764705,0.058823529411764705,0.058823529411764705,0.0392156862745098,0.0392156862745098,0.0392156862745098,0.0392156862745098,0.0392156862745098
урчала,0.0078125,0.0,Q3,0.047619047619047616,0.047619047619047616,0.047619047619047616,0.047619047619047616,0.047619047619047616,0.3984375,0.3984375,0.3984375,0.3984375,0.3984375
ускользать,0.0384615384615384,0.0946266482771515,Q3,0.29411764705882354,0.4117647058823529,0.4117647058823529,0.4117647058823529,0.4117647058823529,0.2115384615384613,0.2884615384615381,0.2884615384615381,0.2884615384615381,0.2884615384615381
установить,0.0,0.0,Q3,0.07692307692307693,0.07692307692307693,0.07692307692307693,0.07692307692307693,0.07692307692307693,0.1333333333333333,0.1333333333333333,0.1333333333333333,0.1333333333333333,0.1333333333333333
ухо,0.0833333333333333,0.207755543247403,Q4,0.2777777777777778,0.2777777777777778,0.2777777777777778,0.2777777777777778,0.2777777777777778,0.7812499999999997,0.7812499999999997,0.7812499999999997,0.7812499999999997,0.7812499999999997
фарш,0.0,0.0,Q3,0.5,0.625,0.625,0.625,0.625,0.7777777777777777,0.8333333333333333,0.8333333333333333,0.8333333333333333,0.8333333333333333
фен,0.0,0.0,Q3,0.061224489795918366,0.08163265306122448,0.08163265306122448,0.08163265306122448,0.08163265306122448,0.232,0.256,0.256,0.256,0.256
хаки,0.3076923076923077,0.0,Q4,0.07692307692307693,0.07692307692307693,0.07692307692307693,0.07692307692307693,0.07692307692307693,0.0769230769230768,0.0769230769230768,0.0769230769230768,0.0769230769230768,0.0769230769230768
хмурила,0.0,0.0,Q3,0.12903225806451613,0.12903225806451613,0.12903225806451613,0.12903225806451613,0.12903225806451613,0.48684210526315785,0.48684210526315785,0.48684210526315785,0.48684210526315785,0.48684210526315785
центре,0.631578947368421,0.5975809177071755,Q4,0.4,0.4,0.4,0.4,0.4,0.8421052631578946,0.8421052631578946,0.8421052631578946,0.8421052631578946,0.8421052631578946
шаг,0.0549450549450549,0.0,Q3,0.05454545454545454,0.05454545454545454,0.05454545454545454,0.05454545454545454,0.05454545454545454,0.1538461538461536,0.1538461538461536,0.1538461538461536,0.1538461538461536,0.1538461538461536
шлейф,0.25,0.5842738490120795,Q4,0.2857142857142857,0.2857142857142857,0.2857142857142857,0.2857142857142857,0.2857142857142857,0.625,0.625,0.625,0.625,0.625
штатив,0.0733333333333333,0.0181653149704634,Q4,0.1,0.1,0.1,0.1,0.1,0.4066666666666665,0.4066666666666665,0.4066666666666665,0.4066666666666665,0.4066666666666665
юлин,0.0,0.0,Q3,0.21428571428571427,0.21428571428571427,0.21428571428571427,0.21428571428571427,0.21428571428571427,0.2641509433962263,0.2641509433962263,0.2641509433962263,0.2641509433962263,0.2641509433962263
юный,0.0,0.0,Q3,0.038461538461538464,0.07692307692307693,0.11538461538461539,0.15384615384615385,0.15384615384615385,0.5217391304347826,0.536231884057971,0.5507246376811593,0.5797101449275361,0.5797101449275361
ярых,0.0181818181818181,0.0,Q3,0.18181818181818182,0.22727272727272727,0.22727272727272727,0.22727272727272727,0.22727272727272727,0.1636363636363634,0.4181818181818179,0.4181818181818179,0.4181818181818179,0.4181818181818179
