left_context,target_word,upos,probability
В тот момент,атмосфера,ADJ,2.1071442130747984e-06
В тот момент,атмосфера,ADP,0.019586294813928484
В тот момент,атмосфера,ADV,0.007446107907670794
В тот момент,атмосфера,NOUN,7.653507026919016e-08
В тот момент,атмосфера,PART,1.3072065283104228e-05
В тот момент,атмосфера,PRON,0.06285055264298885
В тот момент,атмосфера,SCONJ,0.0003617592686748514
В тот момент,атмосфера,VERB,1.3188497723222095e-06
Клиенты воровали из ресторана,атрибутику,ADJ,1.906242484572072e-05
Клиенты воровали из ресторана,атрибутику,ADP,0.0341796772284203
Клиенты воровали из ресторана,атрибутику,ADV,5.484657330165397e-07
Клиенты воровали из ресторана,атрибутику,CCONJ,0.0517403131823473
Клиенты воровали из ресторана,атрибутику,INTJ,0.0031700858461935
Клиенты воровали из ресторана,атрибутику,NOUN,0.0026579828260449084
Клиенты воровали из ресторана,атрибутику,PRON,9.12778292441036e-06
Клиенты воровали из ресторана,атрибутику,PROPN,4.001005983578264e-06
Клиенты воровали из ресторана,атрибутику,VERB,3.171685030977007e-08
Ему удалось вскрыть банку об острый край,бампера,ADJ,0.0010400056524242517
Ему удалось вскрыть банку об острый край,бампера,ADP,0.002199461738800372
Ему удалось вскрыть банку об острый край,бампера,ADV,0.0009414913243079813
Ему удалось вскрыть банку об острый край,бампера,CCONJ,0.06986107216484161
Ему удалось вскрыть банку об острый край,бампера,INTJ,0.0039463358764235176
Ему удалось вскрыть банку об острый край,бампера,NOUN,0.3292263222922713
Ему удалось вскрыть банку об острый край,бампера,PRON,0.0030313837347528175
Ему удалось вскрыть банку об острый край,бампера,VERB,7.372554311878544e-05
У моего отца был счёт в швейцарском,банке,ADJ,0.0010133180659453102
У моего отца был счёт в швейцарском,банке,ADP,6.915319741782617e-07
У моего отца был счёт в швейцарском,банке,ADV,1.4392366035884144e-08
У моего отца был счёт в швейцарском,банке,INTJ,1.836386501858546e-07
У моего отца был счёт в швейцарском,банке,NOUN,1.9938025878192007
У моего отца был счёт в швейцарском,банке,NUM,6.7984723301574566e-09
У моего отца был счёт в швейцарском,банке,PROPN,4.558182190680906e-12
У моего отца был счёт в швейцарском,банке,VERB,2.367977174543251e-09
Очень хочется заплести,бант,ADJ,1.7790481920784985e-06
Очень хочется заплести,бант,ADV,0.001318576846657923
Очень хочется заплести,бант,CCONJ,0.0032585427845234
Очень хочется заплести,бант,NOUN,0.37074281631117106
Очень хочется заплести,бант,PART,0.001299149682084497
Очень хочется заплести,бант,PRON,0.0565410632546317
Очень хочется заплести,бант,VERB,0.00047602954790944296
В котёл бросают куски,баранины,ADJ,0.00855786063427211
В котёл бросают куски,баранины,ADV,1.2360255307616679e-08
В котёл бросают куски,баранины,NOUN,0.48272217037324816
На запись голоса,барса,ADJ,0.00021777634609227039
На запись голоса,барса,ADP,0.0897691442575453
На запись голоса,барса,ADV,0.003202632218707915
На запись голоса,барса,CCONJ,0.0780368400026094
На запись голоса,барса,INTJ,0.0130407071903843
На запись голоса,барса,NOUN,0.00027736044604830066
На запись голоса,барса,PART,0.0029515159664777
На запись голоса,барса,PRON,0.0017724512549639317
На запись голоса,барса,VERB,0.0009262451178625588
Ее сын Гриша умер,бездетным,ADJ,9.27866374261363e-05
Ее сын Гриша умер,бездетным,ADP,0.4371279946621224
Ее сын Гриша умер,бездетным,ADV,0.0007056360844117658
Ее сын Гриша умер,бездетным,CCONJ,0.0025625521337574
Ее сын Гриша умер,бездетным,INTJ,0.0052987658521055
Ее сын Гриша умер,бездетным,NOUN,0.004121628204939837
Ее сын Гриша умер,бездетным,PRON,0.0024973247507812427
Ее сын Гриша умер,бездетным,PROPN,0.00010109743341208198
Ее сын Гриша умер,бездетным,VERB,0.00011155374072893328
Можно будет,бросить,ADJ,9.154958106461857e-07
Можно будет,бросить,ADP,1.273343287253132e-05
Можно будет,бросить,ADV,0.0005008460286383739
Можно будет,бросить,INTJ,0.000712474958277581
Можно будет,бросить,NOUN,1.1222845400864285e-05
Можно будет,бросить,PART,5.069133914803495e-05
Можно будет,бросить,PRON,0.00021494334648170316
Можно будет,бросить,VERB,0.09669531036162589
"Музыканты играли на похоронах, разгружали",вагоны,ADJ,0.001701312135281171
"Музыканты играли на похоронах, разгружали",вагоны,ADP,0.0221476468964841
"Музыканты играли на похоронах, разгружали",вагоны,CCONJ,0.036515296534189
"Музыканты играли на похоронах, разгружали",вагоны,NOUN,0.2887390440412061
Дрозды и сковрцы начали,вить,ADJ,0.007974121561815073
Дрозды и сковрцы начали,вить,ADV,1.5540810091886316e-05
Дрозды и сковрцы начали,вить,DET,0.0697130874323082
Дрозды и сковрцы начали,вить,NOUN,0.008693839182265019
Дрозды и сковрцы начали,вить,VERB,0.25247436591245
Что может сделать самый сильный,вол,ADJ,0.0033620409555944314
Что может сделать самый сильный,вол,ADP,0.055836376110716596
Что может сделать самый сильный,вол,ADV,0.0012089808677326038
Что может сделать самый сильный,вол,CCONJ,0.066452415739258
Что может сделать самый сильный,вол,DET,0.0002792492450651282
Что может сделать самый сильный,вол,INTJ,0.0008237642628497
Что может сделать самый сильный,вол,NOUN,0.3826965100480028
Что может сделать самый сильный,вол,PRON,0.0037200166963409
Что может сделать самый сильный,вол,VERB,0.00044322669946956806
Здесь потребуется,врач,ADJ,0.031044715453860863
Здесь потребуется,врач,ADV,0.0978993055655978
Здесь потребуется,врач,VERB,0.1105828555337173
И не надо ставить это целью,всей,ADJ,0.001101308766344667
И не надо ставить это целью,всей,ADP,4.950372499211533e-05
И не надо ставить это целью,всей,ADV,0.020789822587287836
И не надо ставить это целью,всей,CCONJ,0.0017878138425345
И не надо ставить это целью,всей,DET,0.0572702136089038
И не надо ставить это целью,всей,NOUN,0.06782960157953988
И не надо ставить это целью,всей,PART,0.0214440947806654
И не надо ставить это целью,всей,PRON,0.040143597289433015
И не надо ставить это целью,всей,PROPN,1.2825372553180017e-07
И не надо ставить это целью,всей,SCONJ,0.005118230532057819
И не надо ставить это целью,всей,VERB,0.00825060720291632
Какие главные лекарства должны,входить,ADV,0.0060767555080697
Какие главные лекарства должны,входить,VERB,0.9738378447607018
Применение микросхемы,даст,ADJ,7.178513477935062e-05
Применение микросхемы,даст,ADP,0.0512941045749309
Применение микросхемы,даст,ADV,1.9049447484394882e-06
Применение микросхемы,даст,INTJ,0.0017462959014469
Применение микросхемы,даст,NOUN,0.008850109116406038
Применение микросхемы,даст,NUM,1.811464598680853e-06
Применение микросхемы,даст,VERB,0.0005696931564041311
"Выходя замуж, ты надеялась обрести спокойствие, уютный",дом,ADJ,0.1437105783339992
"Выходя замуж, ты надеялась обрести спокойствие, уютный",дом,NOUN,0.837122759011784
"Выходя замуж, ты надеялась обрести спокойствие, уютный",дом,PART,0.0381647791934491
С нескрываемой,едкой,ADJ,0.0004442762794205037
С нескрываемой,едкой,ADV,1.2968690368856254e-07
С нескрываемой,едкой,CCONJ,0.02359364196944
С нескрываемой,едкой,NOUN,0.6831914935692789
С нескрываемой,едкой,VERB,5.69001848542448e-06
Однако здесь,есть,ADJ,0.0810047108979964
Однако здесь,есть,PRON,0.0337677873884124
Однако здесь,есть,VERB,0.2609284105940916
"Тому, кто",желает,ADP,0.0397017468955239
"Тому, кто",желает,ADV,0.0005018986168068
"Тому, кто",желает,PART,0.1022779912846804
"Тому, кто",желает,VERB,0.0740932758067603
В качестве примера приводится,жирность,ADJ,0.06956580003519039
В качестве примера приводится,жирность,ADV,1.8402979031720704e-06
В качестве примера приводится,жирность,NOUN,0.09092340935399329
В качестве примера приводится,жирность,NUM,0.0180834476244262
Он признаёт право каждого,жить,ADP,0.4000931517095682
Он признаёт право каждого,жить,NOUN,0.2818826473995592
Он признаёт право каждого,жить,VERB,0.0413069044017545
Вспоминая,журчание,ADP,0.034692796028685
Вспоминая,журчание,DET,0.0476879735235944
Вспоминая,журчание,INTJ,0.1761845768079167
"Он вскрыл пачку сухарей,",заварил,ADJ,1.8056075337240171e-06
"Он вскрыл пачку сухарей,",заварил,CCONJ,0.1628004057742452
"Он вскрыл пачку сухарей,",заварил,NOUN,6.353825541614587e-07
"Он вскрыл пачку сухарей,",заварил,PRON,0.0249181353253928
"Он вскрыл пачку сухарей,",заварил,VERB,0.12469522310779663
Но четыре года я не мог себя,заставить,ADJ,2.8459821487617694e-07
Но четыре года я не мог себя,заставить,ADP,0.0303145102627293
Но четыре года я не мог себя,заставить,NOUN,1.530246062421893e-10
Но четыре года я не мог себя,заставить,VERB,0.5963084278230604
На Ольгу Васильевну было написано,заявление,ADV,0.1514731009359858
На Ольгу Васильевну было написано,заявление,NOUN,0.0631433827831416
На Ольгу Васильевну было написано,заявление,NUM,0.0918730798394218
Я знал: их особенно,злило,ADJ,0.0271069536293045
Я знал: их особенно,злило,ADV,0.12281368124915351
Я знал: их особенно,злило,NOUN,1.9618679881167594e-06
Я знал: их особенно,злило,PART,0.2571835847045876
Я знал: их особенно,злило,VERB,0.09586591964888691
Очень тогда,злые,ADJ,0.0002333039783428416
Очень тогда,злые,ADV,0.001621100815276222
Очень тогда,злые,CCONJ,0.0020463415382137
Очень тогда,злые,INTJ,0.002782537479605107
Очень тогда,злые,NOUN,0.0002185953411698866
Очень тогда,злые,PART,0.047206592784554
Очень тогда,злые,PRON,0.03210413691580182
Очень тогда,злые,PROPN,1.1897973086233855e-06
Очень тогда,злые,VERB,0.037130010106271504
Создать настоящие шедевры вам помогут,зоркий,ADJ,0.11094055772704996
Создать настоящие шедевры вам помогут,зоркий,DET,0.0711624028912783
Создать настоящие шедевры вам помогут,зоркий,NOUN,2.6274613465273055e-08
Создать настоящие шедевры вам помогут,зоркий,PART,0.0332180573303082
Создать настоящие шедевры вам помогут,зоркий,VERB,1.0408505936548445e-09
Наши власти позволяют себе,излишества,ADJ,0.020986903981419877
Наши власти позволяют себе,излишества,ADP,0.0215828564812831
Наши власти позволяют себе,излишества,ADV,0.0403220843709971
Наши власти позволяют себе,излишества,DET,0.0456909075294254
Наши власти позволяют себе,излишества,NOUN,0.00553120552622861
Наши власти позволяют себе,излишества,PART,0.0586682865793115
Наши власти позволяют себе,излишества,VERB,0.04566640930726589
У нас в Волгограде многие придерживаются,иной,ADJ,0.0138263389036129
У нас в Волгограде многие придерживаются,иной,ADV,8.102896392075762e-05
У нас в Волгограде многие придерживаются,иной,DET,0.1029854501565978
У нас в Волгограде многие придерживаются,иной,NOUN,0.3904321715520742
У нас в Волгограде многие придерживаются,иной,PART,0.0231096350715747
Ей никак не суметь,испечь,ADJ,7.560075256965234e-05
Ей никак не суметь,испечь,ADV,0.0031999995121699295
Ей никак не суметь,испечь,CCONJ,0.0046707073549875
Ей никак не суметь,испечь,DET,4.1749962811279464e-05
Ей никак не суметь,испечь,INTJ,0.007429472397213804
Ей никак не суметь,испечь,NOUN,0.0008664988022917037
Ей никак не суметь,испечь,PART,0.0170913148936991
Ей никак не суметь,испечь,PRON,0.005141455589324561
Ей никак не суметь,испечь,PROPN,5.924331382427818e-05
Ей никак не суметь,испечь,SCONJ,0.0002721207230886
Ей никак не суметь,испечь,VERB,0.020538814058236998
Во избежание ожогов надо нанести на лицо небольшое,количество,ADJ,1.428002911277626e-05
Во избежание ожогов надо нанести на лицо небольшое,количество,ADP,7.929337732286607e-05
Во избежание ожогов надо нанести на лицо небольшое,количество,ADV,5.024462356663331e-08
Во избежание ожогов надо нанести на лицо небольшое,количество,CCONJ,9.501335599590896e-05
Во избежание ожогов надо нанести на лицо небольшое,количество,DET,2.124193366776044e-10
Во избежание ожогов надо нанести на лицо небольшое,количество,NOUN,0.9968191635947281
Во избежание ожогов надо нанести на лицо небольшое,количество,PART,5.762850662385622e-05
Во избежание ожогов надо нанести на лицо небольшое,количество,PRON,5.303211616468636e-06
Во избежание ожогов надо нанести на лицо небольшое,количество,VERB,7.204249223014141e-10
В вопросе послышался упрёк,командиру,ADJ,1.314778941640539e-05
В вопросе послышался упрёк,командиру,ADP,1.0455644844387073e-05
В вопросе послышался упрёк,командиру,ADV,0.0003790809464810862
В вопросе послышался упрёк,командиру,CCONJ,0.0448148576993275
В вопросе послышался упрёк,командиру,INTJ,0.00031959129990943787
В вопросе послышался упрёк,командиру,NOUN,0.0015677122305365909
В вопросе послышался упрёк,командиру,PART,0.0001836567948045
В вопросе послышался упрёк,командиру,PRON,0.004932869555414873
В вопросе послышался упрёк,командиру,PROPN,2.3260560417055065e-05
В вопросе послышался упрёк,командиру,SCONJ,0.0002971963129221921
В вопросе послышался упрёк,командиру,VERB,0.0004854132682261501
"За углом ― Морской музей, с бесчисленными моделями",кораблей,ADJ,0.03533174592022009
"За углом ― Морской музей, с бесчисленными моделями",кораблей,CCONJ,0.0659801911047544
"За углом ― Морской музей, с бесчисленными моделями",кораблей,NOUN,0.7510319133955896
"Мне нравится сын коллеги,",который,CCONJ,0.4629653645926153
"Мне нравится сын коллеги,",который,PRON,0.20714218388131211
Душа требовала,красоты,ADP,0.0256690843046982
Душа требовала,красоты,NOUN,0.0962940344691397
Душа требовала,красоты,PRON,0.0329597566703329
Душа требовала,красоты,VERB,0.008001351065862077
Наше правительство сделало,крен,ADV,0.219164340456835
Наше правительство сделало,крен,NOUN,0.1070875485346505
Наше правительство сделало,крен,PRON,0.24733602748898348
А промывать манную,крупу,ADJ,8.912113081035262e-05
А промывать манную,крупу,ADP,0.0011469325879128
А промывать манную,крупу,NOUN,0.9891099587103069
А промывать манную,крупу,VERB,0.00013071983087088824
Каждое утро на самый верх,крыши,ADJ,0.0009601025625158425
Каждое утро на самый верх,крыши,ADP,0.0019042054884423074
Каждое утро на самый верх,крыши,ADV,9.507553194743718e-05
Каждое утро на самый верх,крыши,INTJ,1.981742401292028e-06
Каждое утро на самый верх,крыши,NOUN,0.1549674342867916
Каждое утро на самый верх,крыши,NUM,2.4476840532814177e-06
Каждое утро на самый верх,крыши,PRON,0.0014243680896093326
Каждое утро на самый верх,крыши,PROPN,4.541039360169468e-08
Каждое утро на самый верх,крыши,VERB,0.08170129773533075
Убедительно просим вас разборчиво заполнять,купон,ADJ,0.001592515872068644
Убедительно просим вас разборчиво заполнять,купон,ADV,1.5294550611046645e-12
Убедительно просим вас разборчиво заполнять,купон,DET,0.0241597780763928
Убедительно просим вас разборчиво заполнять,купон,NOUN,0.2307722267001109
Убедительно просим вас разборчиво заполнять,купон,PRON,0.4282423130844544
Убедительно просим вас разборчиво заполнять,купон,VERB,1.3709218866927477e-06
На болотах оставался ещё,лед,ADJ,0.020995348669081954
На болотах оставался ещё,лед,ADV,6.172395448578371e-08
На болотах оставался ещё,лед,CCONJ,0.0152940974160667
На болотах оставался ещё,лед,NUM,0.5064708878572803
На болотах оставался ещё,лед,PART,0.0369684926355973
На болотах оставался ещё,лед,VERB,7.36545011038816e-05
Дорога ведет в глухой,лес,ADJ,0.005376047155538564
Дорога ведет в глухой,лес,ADV,5.950170950271518e-09
Дорога ведет в глухой,лес,CCONJ,0.007752005641818
Дорога ведет в глухой,лес,NOUN,0.9071038046249223
Дорога ведет в глухой,лес,PART,5.488901319861518e-05
На ведущей вниз,лестнице,ADJ,0.000763128217045061
На ведущей вниз,лестнице,ADP,0.009153146943232668
На ведущей вниз,лестнице,ADV,0.0061914139938004644
На ведущей вниз,лестнице,CCONJ,0.0091968169463299
На ведущей вниз,лестнице,DET,4.921477037500272e-05
На ведущей вниз,лестнице,INTJ,0.0026072623451917757
На ведущей вниз,лестнице,NOUN,0.22084859887552558
На ведущей вниз,лестнице,PART,0.00018848164068460866
На ведущей вниз,лестнице,PRON,0.0004304229367062876
На ведущей вниз,лестнице,VERB,0.0008192238648459449
Когда она в самолёте,летела,ADJ,0.00019845996772837154
Когда она в самолёте,летела,ADP,0.004565767696261746
Когда она в самолёте,летела,ADV,0.010241179850210426
Когда она в самолёте,летела,CCONJ,0.0140182161489624
Когда она в самолёте,летела,DET,0.0001045011389522828
Когда она в самолёте,летела,INTJ,0.0168100431295679
Когда она в самолёте,летела,NOUN,2.2716867286162487e-05
Когда она в самолёте,летела,NUM,0.0001253869422665
Когда она в самолёте,летела,PART,0.006012189516283601
Когда она в самолёте,летела,PRON,0.024054661592087554
Когда она в самолёте,летела,VERB,0.0013681985891763008
Возможности этих перемен будут обсуждаться в Париже,летом,ADP,0.5203239874289884
Возможности этих перемен будут обсуждаться в Париже,летом,CCONJ,0.035684161515861
"Там, недалеко от кухонной двери, сидел",лис,ADJ,0.0714600432679386
"Там, недалеко от кухонной двери, сидел",лис,ADP,0.12131279905587619
"Там, недалеко от кухонной двери, сидел",лис,NOUN,0.059280150574105
"Там, недалеко от кухонной двери, сидел",лис,NUM,0.0256265184095538
"В багажнике были лопата,",лом,ADJ,0.0001681846350764146
"В багажнике были лопата,",лом,ADV,0.0017067984845559
"В багажнике были лопата,",лом,NOUN,0.4237035600704634
"В багажнике были лопата,",лом,VERB,1.4930529509266697e-06
Старуха была страшной --,лопоухая,ADJ,0.0024332322866807976
Старуха была страшной --,лопоухая,ADP,0.2740487103776959
Старуха была страшной --,лопоухая,CCONJ,0.0594115146869828
Старуха была страшной --,лопоухая,NOUN,0.00024555975549756084
Старуха была страшной --,лопоухая,PART,0.030105755932138198
Старуха была страшной --,лопоухая,VERB,0.010292911385919546
Врач прописал заживляющую,мазь,ADJ,3.0361238908218427e-06
Врач прописал заживляющую,мазь,CCONJ,0.003979673341009
Врач прописал заживляющую,мазь,NOUN,0.9787628410486813
Врач прописал заживляющую,мазь,VERB,2.3287033231912343e-07
В бассейне,микробы,ADJ,0.0004033818751632297
В бассейне,микробы,ADP,0.0565038506390403
В бассейне,микробы,ADV,0.0014718940492267868
В бассейне,микробы,CCONJ,0.0027967794255856
В бассейне,микробы,INTJ,0.0180372340509563
В бассейне,микробы,NOUN,0.0010401430364072733
В бассейне,микробы,NUM,9.325578347263204e-05
В бассейне,микробы,PART,0.0002772633362825876
В бассейне,микробы,PRON,0.0021325850909015226
В бассейне,микробы,PROPN,1.0695115340351909e-07
В бассейне,микробы,VERB,0.00024214070106980706
В резервациях,миссионеры,ADJ,0.0017567269661347116
В резервациях,миссионеры,ADP,0.0636558304395118
В резервациях,миссионеры,CCONJ,0.0360657528956085
В резервациях,миссионеры,NOUN,0.038909957963766874
В резервациях,миссионеры,VERB,0.04037541020846963
"Мама брала меня с собой, и мы, сдав",молоко,ADJ,4.002454587460712e-05
"Мама брала меня с собой, и мы, сдав",молоко,ADP,0.1487665599931258
"Мама брала меня с собой, и мы, сдав",молоко,DET,0.0351361735535461
"Мама брала меня с собой, и мы, сдав",молоко,NOUN,0.09699624602137188
"Мама брала меня с собой, и мы, сдав",молоко,PRON,0.157469423760246
Приблизительно в центре тайги,мопед,ADP,0.075249819133529
Приблизительно в центре тайги,мопед,VERB,0.06300111050669352
Не поручайте,мужу,ADJ,0.030421163072200646
Не поручайте,мужу,ADP,0.0237605430855658
Не поручайте,мужу,DET,0.1001118477930391
Не поручайте,мужу,PRON,0.0941562308283422
В деревнях по-прежнему,мяли,ADJ,0.0003344914046941523
В деревнях по-прежнему,мяли,ADV,0.07687911069188169
В деревнях по-прежнему,мяли,VERB,0.19185498846335475
В числе возможных кандидатов,называют,ADP,0.6105208501567747
В числе возможных кандидатов,называют,ADV,0.0184361332983831
"Твоё тело расслабляется, и исчезает",напряжение,ADJ,0.00016542692654791005
"Твоё тело расслабляется, и исчезает",напряжение,DET,0.36414133557691947
"Твоё тело расслабляется, и исчезает",напряжение,NOUN,0.4111843671637516
"Твоё тело расслабляется, и исчезает",напряжение,PRON,0.19870446314288132
Он был очень,неопытным,ADJ,0.29118047854623913
Он был очень,неопытным,NOUN,0.00012121037741235945
Он был очень,неопытным,VERB,0.018859626321255207
"Они не ели целый день,",несчастные,ADV,0.0306506264903692
"Они не ели целый день,",несчастные,CCONJ,0.4278709730626908
"Они не ели целый день,",несчастные,PART,0.034731709993091
"Они не ели целый день,",несчастные,SCONJ,0.0735270306323603
В речи учёного прозвучало,неявное,ADJ,0.00037492863743262736
В речи учёного прозвучало,неявное,ADV,0.2705649937190172
В речи учёного прозвучало,неявное,NOUN,0.0890450836035521
В речи учёного прозвучало,неявное,NUM,0.0693483808391051
Тема эта в то время была,новой,ADJ,0.20086208111551437
Тема эта в то время была,новой,ADV,0.3382607406991555
Тема эта в то время была,новой,NOUN,2.146448242485468e-06
Тема эта в то время была,новой,PART,0.0406145162923344
"Существует легенда, что",ноев,ADP,0.24262102290936668
"Существует легенда, что",ноев,ADV,0.10096819141795371
"Существует легенда, что",ноев,NUM,0.0327719011317514
"Существует легенда, что",ноев,SCONJ,0.0420799540063466
Он ловко поддел концом,ножа,ADJ,0.0004667158060463117
Он ловко поддел концом,ножа,DET,0.0474948647573092
Он ловко поддел концом,ножа,NOUN,0.19637644978693383
Он ловко поддел концом,ножа,VERB,8.994045022757577e-08
У директора школы был тонкий,нюх,ADJ,1.312162039479868e-06
У директора школы был тонкий,нюх,CCONJ,0.0788350452709899
У директора школы был тонкий,нюх,NOUN,0.3089166223062946
У Пашки,обгорели,ADP,0.1303277267828603
У Пашки,обгорели,NOUN,0.0467038533844366
У Пашки,обгорели,PART,0.0005807280962349
В конверте вместе с деньгами была,обнаружена,ADJ,4.48449487325411e-07
В конверте вместе с деньгами была,обнаружена,ADV,0.0098794436464591
В конверте вместе с деньгами была,обнаружена,CCONJ,0.0126854567447877
В конверте вместе с деньгами была,обнаружена,NOUN,0.8118225843829984
В конверте вместе с деньгами была,обнаружена,VERB,0.034437115423674544
Стала стабильнее экономическая и политическая,обстановка,ADJ,3.813139122793269e-09
Стала стабильнее экономическая и политическая,обстановка,NOUN,0.9851457278304564
Стала стабильнее экономическая и политическая,обстановка,VERB,4.75919052008827e-06
В современном,обществе,ADJ,3.1013367960589123e-06
В современном,обществе,ADV,0.0042998040045212635
В современном,обществе,NOUN,0.910347785870835
В современном,обществе,VERB,0.00010786734801554514
Педагог предъявляет,одинаковые,ADJ,0.015926623434185376
Педагог предъявляет,одинаковые,ADP,0.0713903446657036
Педагог предъявляет,одинаковые,NOUN,0.5212815846544608
Педагог предъявляет,одинаковые,VERB,0.0004122029106741
"Я сказал, что русский солдат",омоет,ADP,0.0264001122671225
"Я сказал, что русский солдат",омоет,ADV,0.051253183952054096
"Я сказал, что русский солдат",омоет,PART,0.1340708327210467
Старый шкаф,орехового,ADP,0.1342305422941636
В сюжете этого фильма какие-то,осы,ADJ,0.0742713352789721
В сюжете этого фильма какие-то,осы,ADV,3.895854785357606e-09
В сюжете этого фильма какие-то,осы,NOUN,0.08638729397434232
В сюжете этого фильма какие-то,осы,PART,0.0205805753384635
В сюжете этого фильма какие-то,осы,VERB,2.7876648897063465e-05
Ирине досталась,отдельная,ADJ,0.021208916108400477
Ирине досталась,отдельная,ADP,0.0198327598661129
Ирине досталась,отдельная,ADV,0.0001898982456162
Ирине досталась,отдельная,NOUN,0.21323292216501455
Ирине досталась,отдельная,NUM,0.0224734611623317
Ирине досталась,отдельная,PART,0.0288564953333787
На газовой плите стояла,открытая,ADJ,0.04751886766673235
На газовой плите стояла,открытая,ADP,0.0142738411669579
На газовой плите стояла,открытая,ADV,1.2052089390984511e-06
На газовой плите стояла,открытая,INTJ,9.341078846162196e-11
На газовой плите стояла,открытая,NOUN,0.9464095302249694
На газовой плите стояла,открытая,VERB,2.6725307055540695e-07
"Я люблю салат из картошки с зеленью, заправленный",пахучим,ADJ,0.7015966843324586
"Я люблю салат из картошки с зеленью, заправленный",пахучим,ADP,0.040140127417505
"Я люблю салат из картошки с зеленью, заправленный",пахучим,ADV,3.832606927403652e-06
"Я люблю салат из картошки с зеленью, заправленный",пахучим,INTJ,6.030376903017686e-05
"Я люблю салат из картошки с зеленью, заправленный",пахучим,NOUN,0.20322295380259053
"Я люблю салат из картошки с зеленью, заправленный",пахучим,VERB,8.859606221442466e-05
Ненужный коврик из твёрдой,пластмассы,ADJ,0.008341452399491201
Ненужный коврик из твёрдой,пластмассы,NOUN,0.696936282203438
Что ты хочешь чтобы тебе,повторили,ADJ,1.2703779756158618e-10
Что ты хочешь чтобы тебе,повторили,ADV,1.1813535203262474e-06
Что ты хочешь чтобы тебе,повторили,NOUN,1.4112826003325176e-05
Что ты хочешь чтобы тебе,повторили,VERB,0.3754733330298615
"Журналист взял карандаш,",подвинул,ADJ,0.00021125246627325264
"Журналист взял карандаш,",подвинул,ADV,8.524425809819562e-07
"Журналист взял карандаш,",подвинул,CCONJ,0.0397024381796587
"Журналист взял карандаш,",подвинул,NOUN,4.42443612618291e-05
"Журналист взял карандаш,",подвинул,SCONJ,0.1570261703685821
"Журналист взял карандаш,",подвинул,VERB,0.1716760213429209
У мамы есть,подруга,ADJ,3.1415692554456854e-05
У мамы есть,подруга,ADV,0.0366655731819702
У мамы есть,подруга,DET,0.0192885084272598
У мамы есть,подруга,NOUN,0.020066089100687093
У мамы есть,подруга,NUM,0.0369452616164022
У мамы есть,подруга,VERB,3.434866726383371e-12
Отвернув цветастое,покрывало,ADJ,0.00019245504398802962
Отвернув цветастое,покрывало,ADV,0.0007851917862494143
Отвернув цветастое,покрывало,NOUN,0.40590277541439523
Отвернув цветастое,покрывало,VERB,0.8644072934077984
"У тебя впереди замечательный день,",полный,ADJ,0.18061701135721334
"У тебя впереди замечательный день,",полный,CCONJ,0.2590448486518567
"У тебя впереди замечательный день,",полный,PRON,0.0492434841375015
"У тебя впереди замечательный день,",полный,VERB,0.07175817641527253
Этот студент,получает,ADJ,1.2644705783842782e-06
Этот студент,получает,NOUN,5.4212738235864965e-05
Этот студент,получает,PART,0.0919284485547322
Этот студент,получает,VERB,0.0867934141496302
"Она почти не изменилась, только слегка",пополнела,ADJ,0.0029805560451736457
"Она почти не изменилась, только слегка",пополнела,ADV,6.112491329662915e-05
"Она почти не изменилась, только слегка",пополнела,INTJ,1.7441646108358296e-08
"Она почти не изменилась, только слегка",пополнела,NOUN,1.4412103375273304e-05
"Она почти не изменилась, только слегка",пополнела,VERB,0.4038668580143237
Перед ним снова была,прежняя,ADJ,0.02214961366902219
Перед ним снова была,прежняя,DET,0.1100960816440136
Перед ним снова была,прежняя,NOUN,0.04531716497042497
Перед ним снова была,прежняя,PRON,0.0168837809502742
Перед ним снова была,прежняя,VERB,0.02168081184854311
Торговля продуктами питания является одной из самых,прибыльных,ADJ,0.5125056520924925
Торговля продуктами питания является одной из самых,прибыльных,NOUN,7.456691081585041e-07
Когда родители,пригрозили,ADV,2.179364823624576e-06
Когда родители,пригрозили,CCONJ,0.0191387602624962
Когда родители,пригрозили,PART,0.0971946444650865
Когда родители,пригрозили,VERB,0.09315832691578663
"Товарищ генерал,",противник,ADJ,0.000678697990478987
"Товарищ генерал,",противник,ADP,0.1036527594974892
"Товарищ генерал,",противник,ADV,4.986023156026949e-05
"Товарищ генерал,",противник,PART,0.0332744814697805
"Товарищ генерал,",противник,PRON,0.2350275660286493
"Товарищ генерал,",противник,VERB,0.00011487317044839555
"Считается, что коллекционирование",раритетных,ADJ,3.6551083228894035e-06
"Считается, что коллекционирование",раритетных,NOUN,0.03693474959201465
"Считается, что коллекционирование",раритетных,VERB,0.0956138934669026
"Один футболист, который получил",растяжение,ADJ,0.2761770771014395
"Один футболист, который получил",растяжение,ADV,0.0513046613172859
"Один футболист, который получил",растяжение,INTJ,1.0523983738476483e-06
"Один футболист, который получил",растяжение,NOUN,0.08095626466052253
"Один футболист, который получил",растяжение,PROPN,8.334723604403334e-06
"Один футболист, который получил",растяжение,VERB,3.31868851236601e-06
Судя по огромному,расходу,ADJ,5.148390749590242e-06
Судя по огромному,расходу,NOUN,0.9542788215366744
Судя по огромному,расходу,VERB,3.127064112076251e-07
"Город, раскинувшийся вдоль",реки,ADJ,0.00518468895604913
"Город, раскинувшийся вдоль",реки,NOUN,0.6299328962279293
"Город, раскинувшийся вдоль",реки,VERB,3.05905481212424e-05
Под рукавом рубашки виднелся тонкий,ремешок,ADJ,0.1669892719822556
Под рукавом рубашки виднелся тонкий,ремешок,NOUN,0.23844311556559222
Под рукавом рубашки виднелся тонкий,ремешок,VERB,0.0008873862800791091
На вторичном рынке жилья,розетки,ADJ,0.0011305064242009353
На вторичном рынке жилья,розетки,ADP,0.3049462405704652
На вторичном рынке жилья,розетки,ADV,0.0157398533529624
На вторичном рынке жилья,розетки,NOUN,0.029405917397248
На вторичном рынке жилья,розетки,VERB,0.016700236287263942
Телята быстро,росли,ADJ,2.5623831154558114e-06
Телята быстро,росли,NOUN,1.330930768506288e-06
Телята быстро,росли,VERB,0.5987231303558979
Ваня раскрыл было,рот,ADJ,0.0007791959846242962
Ваня раскрыл было,рот,DET,0.0446332662531448
Ваня раскрыл было,рот,INTJ,0.0024017862692876
Ваня раскрыл было,рот,NOUN,0.5771083917173858
В мои обязанности входило утром включить,рубильник,ADJ,0.0001606499799540922
В мои обязанности входило утром включить,рубильник,ADP,0.0548563770971272
В мои обязанности входило утром включить,рубильник,ADV,0.001042724625407
В мои обязанности входило утром включить,рубильник,CCONJ,0.0310802094242301
В мои обязанности входило утром включить,рубильник,NOUN,0.24001766932219018
В мои обязанности входило утром включить,рубильник,VERB,5.070051588977025e-05
И на берегу озера тогда появляются,русалки,ADJ,0.002002331173919428
И на берегу озера тогда появляются,русалки,ADP,4.757375967418257e-05
И на берегу озера тогда появляются,русалки,ADV,0.00016644322712790527
И на берегу озера тогда появляются,русалки,DET,0.000551424444042598
И на берегу озера тогда появляются,русалки,NOUN,0.024169483470051597
И на берегу озера тогда появляются,русалки,NUM,0.15381157660938471
И на берегу озера тогда появляются,русалки,PART,0.0005216042284185
И на берегу озера тогда появляются,русалки,PRON,0.0008826634045198894
И на берегу озера тогда появляются,русалки,PROPN,1.1312291986908032e-05
И на берегу озера тогда появляются,русалки,VERB,0.00014444415579916375
"Наживка, на которую он ловил",рыбу,ADJ,0.00010260756055089964
"Наживка, на которую он ловил",рыбу,ADP,0.0011344546933220539
"Наживка, на которую он ловил",рыбу,ADV,0.001314379186347367
"Наживка, на которую он ловил",рыбу,CCONJ,0.0030491102068745
"Наживка, на которую он ловил",рыбу,DET,0.017981579979383752
"Наживка, на которую он ловил",рыбу,INTJ,0.0028065877748078842
"Наживка, на которую он ловил",рыбу,NOUN,0.21917341802393192
"Наживка, на которую он ловил",рыбу,PART,7.153889637979428e-05
"Наживка, на которую он ловил",рыбу,PRON,0.005794940433451327
"Наживка, на которую он ловил",рыбу,PROPN,1.013669584985698e-07
"Наживка, на которую он ловил",рыбу,VERB,0.003645003938556862
"Не обнаружив ничего в досье, сыщики решили",рыть,ADJ,3.9950512540303995e-08
"Не обнаружив ничего в досье, сыщики решили",рыть,INTJ,9.669816098067989e-14
"Не обнаружив ничего в досье, сыщики решили",рыть,NOUN,5.946809876490679e-11
"Не обнаружив ничего в досье, сыщики решили",рыть,VERB,0.230098552832963
Когда мне хотелось,сгущенки,ADJ,1.2067656030891518e-05
Когда мне хотелось,сгущенки,NOUN,4.2151485675760496e-07
Когда мне хотелось,сгущенки,PART,0.3232395371629331
Когда мне хотелось,сгущенки,VERB,0.07011066586142922
"Взяв с собой фотоаппарат, вся",семья,ADV,0.1169594353370411
"Взяв с собой фотоаппарат, вся",семья,NOUN,0.5465314422503745
"Собаку, виновницу случившегося, приказали",сечь,ADJ,1.4814182786907896e-06
"Собаку, виновницу случившегося, приказали",сечь,ADV,0.06547948587000263
"Собаку, виновницу случившегося, приказали",сечь,NOUN,1.1916181403494521e-05
"Собаку, виновницу случившегося, приказали",сечь,PRON,0.0654853527545018
"Собаку, виновницу случившегося, приказали",сечь,VERB,0.6096783283379412
Мне было лень идти на стоянку и сметать,снег,ADP,0.07311888622612439
Мне было лень идти на стоянку и сметать,снег,ADV,0.0138996344948244
Мне было лень идти на стоянку и сметать,снег,NOUN,0.624370917454176
Мне было лень идти на стоянку и сметать,снег,PRON,0.0138996344948244
От смерти его спасла,собака,ADJ,0.0005821233295471554
От смерти его спасла,собака,ADP,1.8068240984208944e-06
От смерти его спасла,собака,ADV,0.0012090123407909419
От смерти его спасла,собака,DET,0.0007327205561773535
От смерти его спасла,собака,NOUN,0.051154738357869746
От смерти его спасла,собака,NUM,0.026551569110111826
От смерти его спасла,собака,PART,0.2273111221897026
От смерти его спасла,собака,PRON,9.587538141292941e-05
От смерти его спасла,собака,PROPN,1.7269200290392473e-05
От смерти его спасла,собака,VERB,4.04897426654794e-06
"По воскресеньям музыканты, исполнявшие",сонату,ADJ,0.17739079668736765
"По воскресеньям музыканты, исполнявшие",сонату,DET,0.0402605566758651
"По воскресеньям музыканты, исполнявшие",сонату,NOUN,0.10979755501836416
"По воскресеньям музыканты, исполнявшие",сонату,VERB,1.0244429358217383e-06
Он умел из любого,сора,ADJ,0.0001930260523663188
Он умел из любого,сора,ADV,4.017202291687828e-08
Он умел из любого,сора,NOUN,0.23588030991462813
Он умел из любого,сора,VERB,7.540451317771726e-09
Если я еще увижу здесь хоть,соринку,ADJ,2.3925260241890184e-08
Если я еще увижу здесь хоть,соринку,NOUN,0.021555327284604266
Если я еще увижу здесь хоть,соринку,NUM,0.9256812735972774
Если я еще увижу здесь хоть,соринку,VERB,4.416626062180502e-09
Количество денег в обороте выросло благодаря,союзу,ADJ,0.048351359804358215
Количество денег в обороте выросло благодаря,союзу,NOUN,0.21143585832757641
Количество денег в обороте выросло благодаря,союзу,PRON,0.0971573662442665
Количество денег в обороте выросло благодаря,союзу,VERB,0.0028547314934460047
Он стал плохо,спать,ADJ,0.0002708800386870749
Он стал плохо,спать,NOUN,5.601664725241805e-10
Он стал плохо,спать,PRON,0.2309210487647379
Он стал плохо,спать,VERB,0.4731249299008686
Работы выполняет,специалист,ADJ,0.0010122471297932252
Работы выполняет,специалист,ADV,9.980932011024734e-07
Работы выполняет,специалист,CCONJ,2.249818947356032e-05
Работы выполняет,специалист,NOUN,0.13669345734936494
Работы выполняет,специалист,PROPN,0.00044075567772499047
Работы выполняет,специалист,VERB,2.5684904615573863e-06
"Зачем ему звонить, если откликается",спокойный,ADJ,0.00037534624828806473
"Зачем ему звонить, если откликается",спокойный,ADP,0.292896553797778
"Зачем ему звонить, если откликается",спокойный,ADV,0.008042638451726562
"Зачем ему звонить, если откликается",спокойный,CCONJ,0.0050442738321673
"Зачем ему звонить, если откликается",спокойный,INTJ,0.005639878912718773
"Зачем ему звонить, если откликается",спокойный,NOUN,0.00040289163084586866
"Зачем ему звонить, если откликается",спокойный,PART,0.1090194655843381
"Зачем ему звонить, если откликается",спокойный,PRON,0.0040388047366952
"Зачем ему звонить, если откликается",спокойный,PROPN,2.265896924327173e-07
"Зачем ему звонить, если откликается",спокойный,VERB,0.0014062659527405712
"Я слезал, щупал",стога,ADJ,8.796310236663733e-06
"Я слезал, щупал",стога,ADP,1.0849535098931348e-05
"Я слезал, щупал",стога,ADV,0.001231964103293987
"Я слезал, щупал",стога,CCONJ,0.0706192791924549
"Я слезал, щупал",стога,DET,5.266096033221798e-05
"Я слезал, щупал",стога,INTJ,0.0034500837732233647
"Я слезал, щупал",стога,NOUN,0.0001301202484754668
"Я слезал, щупал",стога,PART,0.00017340447872761966
"Я слезал, щупал",стога,PRON,0.049330481923756456
"Я слезал, щупал",стога,PROPN,2.0776711559239013e-06
"Я слезал, щупал",стога,VERB,0.001172414615181149
Шею Лизы украшало ожерелье,стоимостью,ADP,0.7953812367806741
Этот роман захватывает читателя с первой,страницы,ADJ,6.988237618661534e-07
Этот роман захватывает читателя с первой,страницы,INTJ,0.0104059380864608
Этот роман захватывает читателя с первой,страницы,NOUN,0.9699836479940912
Этот роман захватывает читателя с первой,страницы,PART,0.022029371101908
Автор принадлежит к числу последних свидетелей,страшных,ADJ,1.8131390552435237e-05
Автор принадлежит к числу последних свидетелей,страшных,CCONJ,0.0777037677352963
Автор принадлежит к числу последних свидетелей,страшных,DET,0.0685733343455518
Автор принадлежит к числу последних свидетелей,страшных,NOUN,0.1538758192986841
Автор принадлежит к числу последних свидетелей,страшных,PRON,0.0415918297193025
В темноте Иван задел острый,сук,ADJ,4.154644880620339e-05
В темноте Иван задел острый,сук,NOUN,0.8749808669186803
В темноте Иван задел острый,сук,VERB,1.7794183831722027e-05
"Приготовь себе диетические овощные блюда,",сытные,ADV,0.0596776140104128
"Приготовь себе диетические овощные блюда,",сытные,CCONJ,0.0248773307059751
"Приготовь себе диетические овощные блюда,",сытные,DET,0.2082953397793704
"Приготовь себе диетические овощные блюда,",сытные,PRON,0.20319447681263988
"Приготовь себе диетические овощные блюда,",сытные,SCONJ,0.0983917516035995
"Олень бродил среди берёз, жевал",талый,ADJ,0.08253218757862972
"Олень бродил среди берёз, жевал",талый,NOUN,0.5805907307404721
Причиной аварии был мобильный,телефон,NOUN,0.9789877625043595
Причиной аварии был мобильный,телефон,VERB,9.630151101335131e-08
После завершения,техосмотра,NOUN,0.18891635678338098
После завершения,техосмотра,PRON,0.1062624836234051
Чтобы придать объем,тонким,CCONJ,0.342504739375478
Чтобы придать объем,тонким,DET,0.0679576373241803
Чтобы придать объем,тонким,NOUN,0.21211884929155556
В лесу ветром,трепало,ADJ,0.009999786480657935
В лесу ветром,трепало,ADV,0.00032165073551546503
В лесу ветром,трепало,NOUN,0.006537561403769412
В лесу ветром,трепало,VERB,0.2971411332652062
В каждом,углу,ADJ,0.013044107628414854
В каждом,углу,ADP,0.3359261872718958
В каждом,углу,ADV,1.7477644536670298e-05
В каждом,углу,NOUN,0.2124927090723821
В каждом,углу,VERB,2.850312158567519e-06
Власть судов была такой,узкой,ADJ,0.06540860612794809
Власть судов была такой,узкой,NOUN,3.855569285505854e-06
Власть судов была такой,узкой,PART,0.7095886017751464
Володя каким-то образом,узнал,ADJ,0.0006409687852546543
Володя каким-то образом,узнал,ADP,1.6148559609156908e-06
Володя каким-то образом,узнал,ADV,0.0005895323284870553
Володя каким-то образом,узнал,DET,8.774507969214486e-07
Володя каким-то образом,узнал,NOUN,1.2087306771967222e-05
Володя каким-то образом,узнал,PART,0.0002559475309649
Володя каким-то образом,узнал,PRON,0.001755104701497616
Володя каким-то образом,узнал,VERB,0.11785414543700028
За два года накопилась,уйма,ADJ,0.22432255752203858
За два года накопилась,уйма,ADV,0.03657696748910913
За два года накопилась,уйма,NOUN,0.1276635184071942
За два года накопилась,уйма,VERB,2.770416786392236e-06
Если мы позволим этим людям,уйти,ADJ,4.142159781036526e-07
Если мы позволим этим людям,уйти,ADV,1.1894747107263917e-06
Если мы позволим этим людям,уйти,NOUN,1.9148113075312213e-06
Если мы позволим этим людям,уйти,VERB,0.11720094699080766
"Думаю, большой",урон,NOUN,0.24895791287202457
"Елена сидела в кресле, молодая Мурка",урчала,ADP,0.1505909998018932
"Елена сидела в кресле, молодая Мурка",урчала,ADV,0.05370023706414729
"Елена сидела в кресле, молодая Мурка",урчала,INTJ,8.320853566726271e-09
"Елена сидела в кресле, молодая Мурка",урчала,NOUN,1.8839961506705194e-11
"Елена сидела в кресле, молодая Мурка",урчала,VERB,0.04845240826822036
От внимания наблюдателя не должна,ускользать,VERB,0.9552571986623467
Государством предлагается,установить,ADP,0.0357530557720579
Государством предлагается,установить,NOUN,0.06315149468207415
Государством предлагается,установить,VERB,0.0855067290996721
"Сделав мне знак помолчать, он приложил",ухо,ADP,0.0674671932725409
"Сделав мне знак помолчать, он приложил",ухо,NOUN,0.7960240851977194
"Сделав мне знак помолчать, он приложил",ухо,VERB,2.5436382302889937e-06
"Она успевала убраться, разморозить",фарш,ADJ,0.007058564873146747
"Она успевала убраться, разморозить",фарш,CCONJ,0.1938471263414836
"Она успевала убраться, разморозить",фарш,NOUN,0.391384600456398
"Она успевала убраться, разморозить",фарш,VERB,0.006957564812095769
"Что используют для этой прически,",фен,ADP,0.0934854843435962
"Что используют для этой прически,",фен,ADV,0.0303502931543389
"Что используют для этой прически,",фен,CCONJ,0.050039173895543
"Что используют для этой прически,",фен,DET,0.0567018124924765
"Что используют для этой прически,",фен,SCONJ,0.2259706699566906
"Выбирая вязаную шапочку, знайте, что лучше шапка цвета",хаки,ADJ,0.06658954490079094
"Выбирая вязаную шапочку, знайте, что лучше шапка цвета",хаки,DET,0.1460708336140038
"Выбирая вязаную шапочку, знайте, что лучше шапка цвета",хаки,NOUN,0.02492097320497543
"Выбирая вязаную шапочку, знайте, что лучше шапка цвета",хаки,PART,0.0302093731646448
"Выбирая вязаную шапочку, знайте, что лучше шапка цвета",хаки,VERB,0.0033878331121190383
Она с досадой,хмурила,ADJ,9.726044266595499e-08
Она с досадой,хмурила,ADV,1.0468832264687852e-05
Она с досадой,хмурила,NOUN,5.396292275260067e-05
Она с досадой,хмурила,VERB,0.35430994073607447
"Зоопарк ― это кусочек другого мира, находящийся в самом",центре,ADJ,0.005580098573387175
"Зоопарк ― это кусочек другого мира, находящийся в самом",центре,DET,0.0031358174213959
"Зоопарк ― это кусочек другого мира, находящийся в самом",центре,NOUN,0.9804801376761149
"Зоопарк ― это кусочек другого мира, находящийся в самом",центре,VERB,4.436180997414684e-12
Я сделала,шаг,ADP,0.0227119579693939
Я сделала,шаг,NUM,0.0424315236616907
Я сделала,шаг,PRON,0.1515650389336296
За министром труда тянется целый,шлейф,ADJ,5.421959414736867e-07
За министром труда тянется целый,шлейф,ADV,1.1199094726106213e-08
За министром труда тянется целый,шлейф,NOUN,0.9129442329894008
Мы установили камеру на новый,штатив,ADJ,5.952140397544332e-05
Мы установили камеру на новый,штатив,NOUN,0.23822691654534037
Мы установили камеру на новый,штатив,NUM,1.5631697009576397e-06
Мы установили камеру на новый,штатив,VERB,8.413270650930356e-07
Ей хотелось выплеснуть чай на бежевый,юлин,ADJ,0.0008761240534585468
Ей хотелось выплеснуть чай на бежевый,юлин,NOUN,0.8590967777333481
На привале у озера,юный,ADJ,0.0005168964197488937
На привале у озера,юный,ADP,0.024104404454259404
На привале у озера,юный,ADV,0.0033640085895516743
На привале у озера,юный,CCONJ,0.0023052316056108
На привале у озера,юный,INTJ,0.0056946442886557
На привале у озера,юный,NOUN,0.002562726002877178
На привале у озера,юный,PART,0.0004174394950478352
На привале у озера,юный,PRON,0.027754335237777143
На привале у озера,юный,PROPN,3.574571159305453e-05
На привале у озера,юный,SCONJ,0.0001164479186466
На привале у озера,юный,VERB,0.0030931083792649036
"Покуда я нахожусь у власти, я буду предметом",ярых,ADJ,0.0009360348284702141
"Покуда я нахожусь у власти, я буду предметом",ярых,ADP,0.06509608353567303
"Покуда я нахожусь у власти, я буду предметом",ярых,ADV,1.0585852325589606e-06
"Покуда я нахожусь у власти, я буду предметом",ярых,NOUN,0.5490594635403029
"Покуда я нахожусь у власти, я буду предметом",ярых,VERB,3.5201522198448874e-05
