left_context,target_word,target_lemma,p_target_human,p_target_model,n_human_target_matches,n_model_target_matches
В тот момент,атмосфера,атмосфера,0.0,0.0,0,0
Клиенты воровали из ресторана,атрибутику,атрибутику,0.0,0.0,0,0
Ему удалось вскрыть банку об острый край,бампера,бампера,0.0,0.0,0,0
У моего отца был счёт в швейцарском,банке,банке,0.8333333333333334,0.9972909050654754,1,19
Очень хочется заплести,бант,бант,0.0,0.0,0,0
В котёл бросают куски,баранины,баранины,0.0,0.0,0,0
На запись голоса,барса,барса,0.0,0.0,0,0
Ее сын Гриша умер,бездетным,бездетным,0.0,0.0,0,0
Можно будет,бросить,бросить,0.0,0.0,0,0
"Музыканты играли на похоронах, разгружали",вагоны,вагоны,0.3157894736842105,0.0,1,0
Дрозды и сковрцы начали,вить,вить,0.3125,0.0,1,0
Что может сделать самый сильный,вол,вол,0.0,0.0,0,0
Здесь потребуется,врач,врач,0.0,0.0,0,0
И не надо ставить это целью,всей,всей,0.1666666666666666,0.0,1,0
Какие главные лекарства должны,входить,входить,0.0,0.00325260229178408,0,167
Применение микросхемы,даст,даст,0.0476190476190476,0.0,1,0
"Выходя замуж, ты надеялась обрести спокойствие, уютный",дом,дом,0.9113924050632912,0.7665600588100571,1,1
С нескрываемой,едкой,едкой,0.0,0.0,0,0
Однако здесь,есть,есть,0.1904761904761904,0.1714869538739241,2,1
"Тому, кто",желает,желает,0.0,0.0,0,0
В качестве примера приводится,жирность,жирность,0.0,0.0,0,0
Он признаёт право каждого,жить,жить,0.0,0.0,0,0
Вспоминая,журчание,журчание,0.0,0.0,0,0
"Он вскрыл пачку сухарей,",заварил,заварил,0.0,0.0,0,0
Но четыре года я не мог себя,заставить,заставить,0.2666666666666666,0.4386475332037065,1,2
На Ольгу Васильевну было написано,заявление,заявление,0.3333333333333333,0.0631433827831416,1,1
Я знал: их особенно,злило,злило,0.0,0.0,0,0
Очень тогда,злые,злые,0.0,0.0,0,0
Создать настоящие шедевры вам помогут,зоркий,зоркий,0.0,0.0,0,0
Наши власти позволяют себе,излишества,излишества,0.0,0.0,0,0
У нас в Волгограде многие придерживаются,иной,иной,0.0144927536231884,0.0,1,0
Ей никак не суметь,испечь,испечь,0.0,0.0,0,0
Во избежание ожогов надо нанести на лицо небольшое,количество,количество,1.0,0.9937407360414755,1,10
В вопросе послышался упрёк,командиру,командиру,0.0,0.0,0,0
"За углом ― Морской музей, с бесчисленными моделями",кораблей,кораблей,0.8840579710144928,0.625670644149082,1,6
"Мне нравится сын коллеги,",который,который,0.4395604395604392,0.0582590721562769,6,1
Душа требовала,красоты,красоты,0.0,0.0,0,0
Наше правительство сделало,крен,крен,0.0192307692307692,0.0,1,0
А промывать манную,крупу,крупу,0.3125,0.524153544069485,1,2
Каждое утро на самый верх,крыши,крыши,0.15,0.0,1,0
Убедительно просим вас разборчиво заполнять,купон,купон,0.0,0.0,0,0
На болотах оставался ещё,лед,лед,0.0,0.0,0,0
Дорога ведет в глухой,лес,лес,0.7586206896551724,0.8960099990570877,1,1
На ведущей вниз,лестнице,лестнице,0.0,0.0,0,0
Когда она в самолёте,летела,летела,0.18939393939393928,0.0,2,0
Возможности этих перемен будут обсуждаться в Париже,летом,летом,0.0,0.0,0,0
"Там, недалеко от кухонной двери, сидел",лис,лис,0.0,0.0,0,0
"В багажнике были лопата,",лом,лом,0.0161290322580645,0.0388480593294056,1,2
Старуха была страшной --,лопоухая,лопоухая,0.0,0.0,0,0
Врач прописал заживляющую,мазь,мазь,0.8421052631578947,0.9737849294583797,1,4
В бассейне,микробы,микробы,0.0,0.0,0,0
В резервациях,миссионеры,миссионеры,0.0,0.0,0,0
"Мама брала меня с собой, и мы, сдав",молоко,молоко,0.0,0.0,0,0
Приблизительно в центре тайги,мопед,мопед,0.0,0.0,0,0
Не поручайте,мужу,мужу,0.0,0.0,0,0
В деревнях по-прежнему,мяли,мяли,0.0,0.0,0,0
В числе возможных кандидатов,называют,называют,0.0,0.0,0,0
"Твоё тело расслабляется, и исчезает",напряжение,напряжение,0.2,0.3792472708873959,1,3
Он был очень,неопытным,неопытным,0.0,0.0,0,0
"Они не ели целый день,",несчастные,несчастные,0.0,0.0,0,0
В речи учёного прозвучало,неявное,неявное,0.0,0.0,0,0
Тема эта в то время была,новой,новой,0.0,0.0,0,0
"Существует легенда, что",ноев,ноев,0.0,0.0,0,0
Он ловко поддел концом,ножа,ножа,0.1014492753623188,0.0,1,0
У директора школы был тонкий,нюх,нюх,0.031578947368421,0.0,1,0
У Пашки,обгорели,обгорели,0.0,0.0,0,0
В конверте вместе с деньгами была,обнаружена,обнаружена,0.0,0.0,0,0
Стала стабильнее экономическая и политическая,обстановка,обстановка,0.1333333333333333,0.1502798753818162,1,6
В современном,обществе,обществе,0.0588235294117647,0.04622708336544456,1,5
Педагог предъявляет,одинаковые,одинаковые,0.0,0.0,0,0
"Я сказал, что русский солдат",омоет,омоет,0.0,0.0,0,0
Старый шкаф,орехового,орехового,0.0,0.0,0,0
В сюжете этого фильма какие-то,осы,осы,0.0,0.0,0,0
Ирине досталась,отдельная,отдельная,0.0,0.0,0,0
На газовой плите стояла,открытая,открытая,0.0,0.0,0,0
"Я люблю салат из картошки с зеленью, заправленный",пахучим,пахучим,0.0,0.0,0,0
Ненужный коврик из твёрдой,пластмассы,пластмассы,0.0714285714285714,0.0,1,0
Что ты хочешь чтобы тебе,повторили,повторили,0.0,0.0,0,0
"Журналист взял карандаш,",подвинул,подвинул,0.0,0.0,0,0
У мамы есть,подруга,подруга,0.0365853658536585,0.018976684650515573,1,6
Отвернув цветастое,покрывало,покрывало,0.2941176470588235,2.8710524373845365e-06,1,1
"У тебя впереди замечательный день,",полный,полный,0.0,0.1806014288205767,0,5
Этот студент,получает,получает,0.0,0.0,0,0
"Она почти не изменилась, только слегка",пополнела,пополнела,0.0625,0.0,1,0
Перед ним снова была,прежняя,прежняя,0.0,0.0,0,0
Торговля продуктами питания является одной из самых,прибыльных,прибыльных,0.2666666666666666,0.07520319339196764,1,6
Когда родители,пригрозили,пригрозили,0.0,0.0,0,0
"Товарищ генерал,",противник,противник,0.0,0.0,0,0
"Считается, что коллекционирование",раритетных,раритетных,0.0,0.0,0,0
"Один футболист, который получил",растяжение,растяжение,0.0,0.0,0,0
Судя по огромному,расходу,расходу,0.0,0.0,0,0
"Город, раскинувшийся вдоль",реки,реки,0.6212121212121212,0.2627698870549765,1,5
Под рукавом рубашки виднелся тонкий,ремешок,ремешок,0.0123456790123456,0.0,1,0
На вторичном рынке жилья,розетки,розетки,0.0,0.0,0,0
Телята быстро,росли,росли,0.2631578947368421,0.3865288933325262,1,15
Ваня раскрыл было,рот,рот,0.2232142857142857,0.4908337516665909,1,4
В мои обязанности входило утром включить,рубильник,рубильник,0.0,0.0,0,0
И на берегу озера тогда появляются,русалки,русалки,0.0,0.0,0,0
"Наживка, на которую он ловил",рыбу,рыбу,0.7794117647058822,0.2189182262976574,2,5
"Не обнаружив ничего в досье, сыщики решили",рыть,рыть,0.0,0.0,0,0
Когда мне хотелось,сгущенки,сгущенки,0.0,0.0,0,0
"Взяв с собой фотоаппарат, вся",семья,семья,0.1052631578947368,0.1455729231542185,1,1
"Собаку, виновницу случившегося, приказали",сечь,сечь,0.0,0.0,0,0
Мне было лень идти на стоянку и сметать,снег,снег,0.4146341463414634,0.5910274276693689,1,1
От смерти его спасла,собака,собака,0.0769230769230769,6.529403443614419e-05,1,1
"По воскресеньям музыканты, исполнявшие",сонату,сонату,0.0,0.0,0,0
Он умел из любого,сора,сора,0.0113636363636363,0.0,1,0
Если я еще увижу здесь хоть,соринку,соринку,0.0113636363636363,0.0,1,0
Количество денег в обороте выросло благодаря,союзу,союзу,0.0,0.0,0,0
Он стал плохо,спать,спать,0.0526315789473684,0.10894769842364822,1,6
Работы выполняет,специалист,специалист,0.0,0.0,0,0
"Зачем ему звонить, если откликается",спокойный,спокойный,0.0,0.0,0,0
"Я слезал, щупал",стога,стога,0.0,0.0,0,0
Шею Лизы украшало ожерелье,стоимостью,стоимостью,0.0,0.0,0,0
Этот роман захватывает читателя с первой,страницы,страницы,0.6842105263157895,0.9382265712971459,1,4
Автор принадлежит к числу последних свидетелей,страшных,страшных,0.0158730158730158,0.0,1,0
В темноте Иван задел острый,сук,сук,0.0125,0.0,1,0
"Приготовь себе диетические овощные блюда,",сытные,сытные,0.0,0.0,0,0
"Олень бродил среди берёз, жевал",талый,талый,0.0,0.0,0,0
Причиной аварии был мобильный,телефон,телефон,0.953846153846154,0.97449754174383,1,1
После завершения,техосмотра,техосмотра,0.0,0.0,0,0
Чтобы придать объем,тонким,тонким,0.0,0.0,0,0
В лесу ветром,трепало,трепало,0.0131578947368421,0.014827734604333086,1,4
В каждом,углу,углу,0.0,0.0,0,0
Власть судов была такой,узкой,узкой,0.0,0.0,0,0
Володя каким-то образом,узнал,узнал,0.1724137931034483,0.0,1,0
За два года накопилась,уйма,уйма,0.0,0.0,0,0
Если мы позволим этим людям,уйти,уйти,0.0,0.0,0,0
"Думаю, большой",урон,урон,0.0,0.0,0,0
"Елена сидела в кресле, молодая Мурка",урчала,урчала,0.0078125,0.0,1,0
От внимания наблюдателя не должна,ускользать,ускользать,0.0384615384615384,0.0946266482771515,1,1
Государством предлагается,установить,установить,0.0,0.0,0,0
"Сделав мне знак помолчать, он приложил",ухо,ухо,0.0833333333333333,0.207755543247403,1,4
"Она успевала убраться, разморозить",фарш,фарш,0.0,0.0,0,0
"Что используют для этой прически,",фен,фен,0.0,0.0,0,0
"Выбирая вязаную шапочку, знайте, что лучше шапка цвета",хаки,хаки,0.3076923076923077,0.0,1,0
Она с досадой,хмурила,хмурила,0.0,0.0,0,0
"Зоопарк ― это кусочек другого мира, находящийся в самом",центре,центре,0.631578947368421,0.5975809177071755,1,1
Я сделала,шаг,шаг,0.0549450549450549,0.0,1,0
За министром труда тянется целый,шлейф,шлейф,0.25,0.5842738490120795,1,1
Мы установили камеру на новый,штатив,штатив,0.0733333333333333,0.0181653149704634,1,1
Ей хотелось выплеснуть чай на бежевый,юлин,юлин,0.0,0.0,0,0
На привале у озера,юный,юный,0.0,0.0,0,0
"Покуда я нахожусь у власти, я буду предметом",ярых,ярых,0.0181818181818181,0.0,1,0
